-- MySQL dump 10.13  Distrib 5.6.12, for Win32 (x86)
--
-- Host: localhost    Database: pcic
-- ------------------------------------------------------
-- Server version	5.6.12-log

/*!40101 SET @OLD_CHARACTER_SET_CLIENT=@@CHARACTER_SET_CLIENT */;
/*!40101 SET @OLD_CHARACTER_SET_RESULTS=@@CHARACTER_SET_RESULTS */;
/*!40101 SET @OLD_COLLATION_CONNECTION=@@COLLATION_CONNECTION */;
/*!40101 SET NAMES utf8 */;
/*!40103 SET @OLD_TIME_ZONE=@@TIME_ZONE */;
/*!40103 SET TIME_ZONE='+00:00' */;
/*!40014 SET @OLD_UNIQUE_CHECKS=@@UNIQUE_CHECKS, UNIQUE_CHECKS=0 */;
/*!40014 SET @OLD_FOREIGN_KEY_CHECKS=@@FOREIGN_KEY_CHECKS, FOREIGN_KEY_CHECKS=0 */;
/*!40101 SET @OLD_SQL_MODE=@@SQL_MODE, SQL_MODE='NO_AUTO_VALUE_ON_ZERO' */;
/*!40111 SET @OLD_SQL_NOTES=@@SQL_NOTES, SQL_NOTES=0 */;

--
-- Table structure for table `pcic_accounts`
--

DROP TABLE IF EXISTS `pcic_accounts`;
/*!40101 SET @saved_cs_client     = @@character_set_client */;
/*!40101 SET character_set_client = utf8 */;
CREATE TABLE `pcic_accounts` (
  `id` int(11) NOT NULL AUTO_INCREMENT,
  `name` varchar(50) DEFAULT NULL,
  `username` varchar(50) DEFAULT NULL,
  `password` varchar(50) DEFAULT NULL,
  `usertype` varchar(50) DEFAULT NULL,
  `position` varchar(50) DEFAULT NULL,
  `office` varchar(50) DEFAULT NULL,
  PRIMARY KEY (`id`)
) ENGINE=InnoDB AUTO_INCREMENT=13 DEFAULT CHARSET=latin1;
/*!40101 SET character_set_client = @saved_cs_client */;

--
-- Dumping data for table `pcic_accounts`
--

LOCK TABLES `pcic_accounts` WRITE;
/*!40000 ALTER TABLE `pcic_accounts` DISABLE KEYS */;
INSERT INTO `pcic_accounts` VALUES (1,'Nico Cabral','nico','admin','admin','admin','AFD'),(2,'Juan Delacruz','juan','juan123','user','user','CAD'),(3,'Sample','sample','sample','user','Sample','MSD'),(4,'Jacquelyn C. Duterte','jacq','jacq','user','JO-MSD','MSD'),(5,'Salvacion L. Maniebo','salvacion','salvacion','user','OIC-CHIEF-MSD','MSD'),(6,'Benita M. Alberto','beta','beta','user','Claim Processor II','CAD'),(7,'Melinda Angela Flor G. Tabucao','melinda','melinda','user','JO-MSD','MSD'),(8,'Leonard I. Teposo','leonard','leonard','admin','JO-AFD','AFD'),(9,'Florica T. Pateno','florica','florica','user','JO-MSD','MSD'),(10,'Micheal Vincent Montejo','micheal','micheal','user','JO-MSD','MSD'),(11,'Wilfre Levi Pumanes','wilfre','wilfre','user','JO-MSD','MSD'),(12,'Archie L. Pitogo','archie','archie','user','JO-MSD','MSD');
/*!40000 ALTER TABLE `pcic_accounts` ENABLE KEYS */;
UNLOCK TABLES;

--
-- Table structure for table `pcic_app`
--

DROP TABLE IF EXISTS `pcic_app`;
/*!40101 SET @saved_cs_client     = @@character_set_client */;
/*!40101 SET character_set_client = utf8 */;
CREATE TABLE `pcic_app` (
  `id` int(11) NOT NULL AUTO_INCREMENT,
  `itemno` int(11) DEFAULT NULL,
  `itemnam` varchar(50) DEFAULT NULL,
  `qty` int(11) DEFAULT NULL,
  `totalreq` int(11) DEFAULT NULL,
  `dep` varchar(20) DEFAULT NULL,
  `date` date DEFAULT NULL,
  PRIMARY KEY (`id`)
) ENGINE=InnoDB DEFAULT CHARSET=latin1;
/*!40101 SET character_set_client = @saved_cs_client */;

--
-- Dumping data for table `pcic_app`
--

LOCK TABLES `pcic_app` WRITE;
/*!40000 ALTER TABLE `pcic_app` DISABLE KEYS */;
/*!40000 ALTER TABLE `pcic_app` ENABLE KEYS */;
UNLOCK TABLES;

--
-- Table structure for table `pcic_items`
--

DROP TABLE IF EXISTS `pcic_items`;
/*!40101 SET @saved_cs_client     = @@character_set_client */;
/*!40101 SET character_set_client = utf8 */;
CREATE TABLE `pcic_items` (
  `id` int(11) NOT NULL AUTO_INCREMENT,
  `itemno` int(20) DEFAULT NULL,
  `item_name` varchar(50) DEFAULT NULL,
  `description` varchar(50) DEFAULT NULL,
  `unit` varchar(50) DEFAULT NULL,
  `qty` varchar(20) DEFAULT NULL,
  `bal_qty` int(11) DEFAULT NULL,
  `specification` varchar(50) DEFAULT NULL,
  `unit_cost` varchar(50) DEFAULT NULL,
  `total_cost` varchar(50) DEFAULT NULL,
  `bal_totalcost` varchar(11) DEFAULT NULL,
  `date_arrival` date DEFAULT NULL,
  `category` varchar(20) DEFAULT NULL,
  PRIMARY KEY (`id`),
  UNIQUE KEY `itemno` (`itemno`)
) ENGINE=InnoDB AUTO_INCREMENT=302 DEFAULT CHARSET=latin1;
/*!40101 SET character_set_client = @saved_cs_client */;

--
-- Dumping data for table `pcic_items`
--

LOCK TABLES `pcic_items` WRITE;
/*!40000 ALTER TABLE `pcic_items` DISABLE KEYS */;
INSERT INTO `pcic_items` VALUES (230,1,'HP Deskjet ink advantage 2515(Print Scan Copy)','HP printer','Piece','1',1,'2515','3733','3733.00','3733.00','2014-03-18',NULL),(231,2,'Standard Stand Fan','Fan','Unit','1',1,'Standard','1750','1750.00','1750.00','2014-04-02',NULL),(233,4,'Bondpaper Long S-21','Book/Bond','REAMS','100',0,'Long S-21','116.60','11660','0','2014-04-25',NULL),(234,5,'Energizer Battery AA','Battery','Doz','3',0,'AA','20.15','60.45','0','2014-04-25',NULL),(235,6,'Ethyl Alcohol 70%','Ethyl','Bottle','12',0,'70%','40.10','481.2','0','2014-04-25',NULL),(236,7,'Film Carbon Paper-black (Gold International) - Leg','Film Carbon','Boxes','5',0,'Legal','304.85','1524.25','0','2014-04-25',NULL),(237,8,'Floor MOP - Scotch Brite (Scouring Pad)','Floor MOP','Pcs','2',2,'Scouring Pad','123','246.00','246.00','2014-04-25',NULL),(238,9,'Masking Tape 2','Tape','pcs','12',3,'2 inches','107.95','1295.40','323.85','2014-04-25',NULL),(239,10,'Nylon Straw(Twine)','Straw','pcs','2',2,'Nylon','47.85','95.70','95.70','2014-04-25',NULL),(240,11,'Official Record Book 300 Pages','Record Book','pcs','24',3,'300pages','54.50','1308.00','163.5','2014-04-25',NULL),(241,12,'Paper Clip Jumbo','Clip','Boc','3',0,'Jumbo','12.85','38.55','0','2014-04-25','Consumable'),(242,13,'Paper Fastener Jumbo','Fasterner','Boxes','3',0,'Jumbo','68.55','205.65','0','2014-04-25',NULL),(243,14,'Pencil - Mongol No.2','Pencil','Doz','3',2,'Mongol 2','25','75.00','50','2014-04-25',NULL),(244,15,'Pentel Pen Pilot (Black)','Pentel Pen','pcs','12',5,'Black','12.75','153.00','63.75','2014-04-25',NULL),(245,16,'Pentel Pen Pilot (Blue)','Pentel Pen','pcs','12',12,'Blue','12.75','153.00','153.00','2014-04-25',NULL),(246,17,'Packing Tape 2','Tape','pcs','12',2,'2 inches','34.90','418.80','69.8','2014-04-25',NULL),(247,18,'Ruler','ruler','pcs','12',0,'12 inches','3.30','39.6','0','2014-04-25',NULL),(248,19,'Scissor','scissor','pcs','3',0,'scissor','16.35','49.05','0','2014-04-25',NULL),(249,20,'Scotch tape 1','Tape','pcs','12',0,'1 inches','18.20','218.4','0','2014-04-25',NULL),(250,21,'Soap Detergent Powder 1kg','soap powder','packs','12',12,'1kg','26.20','314.40','314.40','2014-04-25',NULL),(251,22,'Tissue Paper 2 ply','tissue','pcs','12',0,'2ply','76.10','913.2','0','2014-04-25','Consumable'),(252,23,'Typewriter Ribbon','typewritter','pcs','12',0,'ribbon','16.90','202.8','0','2014-04-25',NULL),(253,24,'Yellow pad','pad','pads','2',0,'pad','18.35','36.7','0','2014-04-25',NULL),(254,25,'Printer Canon Class MF 3010','printer','unit','1',1,'MF3010','3710','3710','3710','2014-05-19',NULL),(255,26,'Office Table Model No. JIT-F48','Table','units','3',3,'Wenge','2395','7185.00','7185.00','2014-05-29',NULL),(256,27,'Office Chair W/Arm MODEL:STM10017703','chair','units','3',3,'Black','1795','5385.00','5385.00','2014-05-29',NULL),(257,28,'Plastic Chair - Cofta Green','chiar','units','6',6,'Green','495','2970.00','2970.00','2014-05-29',NULL),(258,29,'Office Table','Table','units','3',3,'office','1500','4500.00','4500.00','2014-03-26',NULL),(259,30,'Swivel Chair','chair','unit','3',3,'swivel','1500','4500.00','4500.00','2014-03-26',NULL),(260,31,'Monoblock Chair','chair','pcs','2',2,'monoblock','365','730.00','730.00','2014-03-26',NULL),(261,32,'3 Layer File Cabinet','cabinet','unit','1',1,'3 layer','2600','2600','2600.00','2014-03-26','Non-consumable'),(262,33,'Office Table','table','unit','2',2,'office','3700','7400.00','7400.00','2014-04-02',NULL),(263,34,'Chair','chair','pcs','2',2,'chair','400','800.00','800.00','2014-04-02',NULL),(264,35,'Cofta bench/lounge Chair','chair','unit','1',1,'cofta/lounge','3250','3250.00','3250.00','2014-04-02',NULL),(265,36,'4 Layer Cabinet File Cabinet','cabinet','unit','1',1,'4 layer','2150','2150','2150.00','2014-04-02','Non-consumable'),(266,37,'Office Table','table','pcs','3',3,'office','1687','5061.00','5061.00','2014-04-02',NULL),(267,38,'Office Chair','chair','pcs','3',3,'office','1433','4299.00','4299.00','2014-04-02',NULL),(268,39,'Loveseat','chair','pcs','2',2,'loveseat','1100','2200.00','2200.00','2014-04-02',NULL),(269,40,'Cabinet (Divider type)','cabinet','pc','1',1,'divider type','3800','3800.00','3800.00','2014-08-26',NULL),(270,41,'Monoblock Chairs','chair','pcs','3',3,'monoblock','390','1170.00','1170.00','2014-08-26',NULL),(271,42,'Table(JIT - F48; Color: Wenge)','table','pcs','3',3,'wenge','2395','7185.00','7185.00','2014-08-27',NULL),(272,43,'Chair (with Arm, Color : Black)','chair','pcs','3',3,'Black','1795','5385.00','5385.00','2014-08-27',NULL),(273,44,'Cofta Monoblock Chairs (color:White)','chair','pcs','6',6,'White','495','2970.00','2970.00','2014-08-27',NULL),(274,45,'Electric Fan (Hanabishi Stand Fan)','fan','pc','1',1,'hanabishi','1795','1795.00','1795.00','2014-08-27',NULL),(275,46,'Brown Envelope - long','envelope','pcs','100',0,'long','1.80','180.00','0','2014-09-09',NULL),(276,47,'Brown Envelope - Short','envelope','pcs','100',0,'Short','1.50','150.00','0','2014-09-09',NULL),(277,48,'Bundy Card Ribbon Max(ER1500)','ribbon','pcs','5',0,'ER1500','800','4000.00','0','2014-09-09',NULL),(278,49,'Expanding Envelope - Green','envelope','pcs','150',18,'Green','12','1800.00','216','2014-09-09',NULL),(279,50,'Expanding Envelope - Red','envelope','pcs','150',0,'Red','12','1800.00','0','2014-09-09',NULL),(280,51,'Folder Long 14 PTS','folder','pcs','1000',0,'14pts','4.00','4000','0','2014-09-09','Consumable'),(281,52,'HP Ink Advantage 2515 Black','ink','pcs','10',0,'2515 - Black','396','3960.00','0','2014-09-09',NULL),(282,53,'HP Ink Advantage 2515 Colored','ink','pcs','10',0,'colored','396','3960.00','0','2014-09-09',NULL),(283,54,'HP Ink Deskjet 1515 Black','ink','pcs','10',0,'1515 Black','396','3960.00','0','2014-09-09',NULL),(284,55,'HP Ink Deskjet 1515 Colored','ink','pcs','10',0,'Colored','396','3960.00','0','2014-09-09',NULL),(285,56,'Max Heavy Duty puncher','puncher','pcs','8',0,'heavy duty','150','1200.00','0','2014-09-09',NULL),(286,57,'Max Stapler Big','stapler','pcs','8',0,'Big','265','2120.00','0','2014-09-09',NULL),(287,58,'Max Stapler Small','stapler','pcs','15',0,'small','55','825','0','2014-09-09','Consumable'),(288,59,'My Gel Pen Refill - Black','pen refill','pcs','120',0,'Black','15','1800','0','2014-09-09','Consumable'),(289,60,'My Gel Pen Refill - Blue','pen refill','pcs','120',0,'Blue','15','1800','0','2014-09-09','Consumable'),(290,61,'Casio Bussiness Calculator(12 Digit)','calculator','pcs','18',0,'12 Digit','300','5400.00','0','2014-09-09',NULL),(291,62,'Paper Clip Jumbo','clip','Box','30',0,'jumbo','18','540.00','0','2014-09-09',NULL),(292,63,'Plastic Ruler (Transparent)','ruler','pcs','18',0,'Transparent','6','108.00','0','2014-09-09',NULL),(293,64,'Plastic Envelope','envelope','Doz','3',0,'plastic','90','270.00','0','2014-09-09',NULL),(294,65,'Office tables (Desk w/ Drawers)','tables','pcs','2',2,'Desk w/drawers','3600','7200','7200','2014-09-19',NULL),(295,66,'Electric fan - Standard 16 inches Stainless Model ','fan','pc','1',1,'16inches','1700','1700.00','1700.00','2014-09-23',NULL),(296,67,'Cabinet Divider','cabinet','unit','1',1,'divider','5395','5395.00','5395.00','2014-09-23',NULL),(297,68,'Stocking Chair','chair','unit','6',6,'stocking','350','2100.00','2100.00','2014-06-19',NULL),(298,69,'UPS','battery','pcs','6',6,'backup','1216.67','7300.02','7300.02','2014-06-16',NULL),(299,70,'Computer Software','software','pcs','6',6,'Computer','8323.34','49940.04','49940.04','2014-06-23',NULL),(300,71,'Bondpaper A4 S-20','Book/Bond','REAMS','100',0,'A4 S-20','107.35','10735','0','2014-04-25',NULL),(301,72,'Storage Box (4 Layers)','storage','pc','1',1,'box','4155','4155.00','4155.00','2014-04-02','Non-consumable');
/*!40000 ALTER TABLE `pcic_items` ENABLE KEYS */;
UNLOCK TABLES;

--
-- Table structure for table `pcic_purchase`
--

DROP TABLE IF EXISTS `pcic_purchase`;
/*!40101 SET @saved_cs_client     = @@character_set_client */;
/*!40101 SET character_set_client = utf8 */;
CREATE TABLE `pcic_purchase` (
  `id` int(11) NOT NULL AUTO_INCREMENT,
  `p_itemname` varchar(50) DEFAULT NULL,
  `p_qty` int(11) DEFAULT NULL,
  `p_cost` float DEFAULT NULL,
  `p_tcost` float DEFAULT NULL,
  `p_date` date DEFAULT NULL,
  PRIMARY KEY (`id`)
) ENGINE=InnoDB AUTO_INCREMENT=3 DEFAULT CHARSET=latin1;
/*!40101 SET character_set_client = @saved_cs_client */;

--
-- Dumping data for table `pcic_purchase`
--

LOCK TABLES `pcic_purchase` WRITE;
/*!40000 ALTER TABLE `pcic_purchase` DISABLE KEYS */;
INSERT INTO `pcic_purchase` VALUES (2,'sample',10,50,500,'2016-07-16');
/*!40000 ALTER TABLE `pcic_purchase` ENABLE KEYS */;
UNLOCK TABLES;

--
-- Table structure for table `pcic_reqpurpose`
--

DROP TABLE IF EXISTS `pcic_reqpurpose`;
/*!40101 SET @saved_cs_client     = @@character_set_client */;
/*!40101 SET character_set_client = utf8 */;
CREATE TABLE `pcic_reqpurpose` (
  `id` int(11) NOT NULL AUTO_INCREMENT,
  `department` varchar(30) DEFAULT NULL,
  `office` varchar(20) DEFAULT NULL,
  `purpose` varchar(50) DEFAULT NULL,
  PRIMARY KEY (`id`)
) ENGINE=InnoDB DEFAULT CHARSET=latin1;
/*!40101 SET character_set_client = @saved_cs_client */;

--
-- Dumping data for table `pcic_reqpurpose`
--

LOCK TABLES `pcic_reqpurpose` WRITE;
/*!40000 ALTER TABLE `pcic_reqpurpose` DISABLE KEYS */;
/*!40000 ALTER TABLE `pcic_reqpurpose` ENABLE KEYS */;
UNLOCK TABLES;

--
-- Table structure for table `pcic_requestitem`
--

DROP TABLE IF EXISTS `pcic_requestitem`;
/*!40101 SET @saved_cs_client     = @@character_set_client */;
/*!40101 SET character_set_client = utf8 */;
CREATE TABLE `pcic_requestitem` (
  `id` int(11) NOT NULL AUTO_INCREMENT,
  `itemno` int(11) DEFAULT NULL,
  `itemname` varchar(50) DEFAULT NULL,
  `description` varchar(50) DEFAULT NULL,
  `specicfication` varchar(50) DEFAULT NULL,
  `unit` varchar(20) DEFAULT NULL,
  `qty` int(11) DEFAULT NULL,
  `ucost` varchar(30) DEFAULT NULL,
  `tcots` varchar(30) DEFAULT NULL,
  `department` varchar(50) DEFAULT NULL,
  `office` varchar(50) DEFAULT NULL,
  `purpose` varchar(50) DEFAULT NULL,
  `status` varchar(20) DEFAULT NULL,
  `requested_by` varchar(50) DEFAULT NULL,
  `designation` varchar(50) DEFAULT NULL,
  `timestamp` date DEFAULT NULL,
  PRIMARY KEY (`id`)
) ENGINE=InnoDB AUTO_INCREMENT=109 DEFAULT CHARSET=latin1;
/*!40101 SET character_set_client = @saved_cs_client */;

--
-- Dumping data for table `pcic_requestitem`
--

LOCK TABLES `pcic_requestitem` WRITE;
/*!40000 ALTER TABLE `pcic_requestitem` DISABLE KEYS */;
INSERT INTO `pcic_requestitem` VALUES (5,71,'Bondpaper A4 S-20','Book/Bond','A4 S-20','REAMS',30,'107.35','3220.5','AFD','PCIC R08','OFFICE SUPPLY','Completed','Nico Cabral','admin','2014-05-02'),(6,4,'Bondpaper Long S-21','Book/Bond','Long S-21','REAMS',30,'116.6','3498','AFD','PCIC R08','OFFICE SUPPLY','Completed','Nico Cabral','admin','2014-05-02'),(7,5,'Energizer Battery AA','Battery','AA','Doz',3,'20.15','60.45','AFD','PCIC R08','OFFICE SUPPLY','Completed','Nico Cabral','admin','2014-05-02'),(8,6,'Ethyl Alcohol 70%','Ethyl','70%','Bottle',12,'40.10','481.2','AFD','PCIC R08','OFFICE SUPPLY','Completed','Nico Cabral','admin','2014-05-02'),(9,71,'Bondpaper A4 S-20','Book/Bond','A4 S-20','REAMS',35,'107.35','3757.25','AFD','PCIC R08','OFFICE SUPPLY','Completed','Nico Cabral','admin','2014-05-06'),(10,4,'Bondpaper Long S-21','Book/Bond','Long S-21','REAMS',35,'116.6','4081','AFD','PCIC R08','OFFICE SUPPLY','Completed','Nico Cabral','admin','2014-05-06'),(11,7,'Film Carbon Paper-black (Gold International) - Leg','Film Carbon','Legal','Boxes',1,'304.85','304.85','AFD','PCIC R08','OFFICE SUPPLY','Completed','Nico Cabral','admin','2014-05-06'),(12,9,'Masking Tape 2','Tape','2 inches','pcs',3,'107.95','323.85','AFD','PCIC R08','OFFICE SUPPLY','Completed','Nico Cabral','admin','2014-05-06'),(13,11,'Official Record Book 300 Pages','Record Book','300pages','pcs',8,'54.50','436','AFD','PCIC R08','OFFICE SUPPLY','Completed','Nico Cabral','admin','2014-05-06'),(14,18,'Ruler','ruler','12 inches','pcs',6,'3.30','19.8','AFD','PCIC R08','OFFICE SUPPLY','Completed','Nico Cabral','admin','2014-05-06'),(15,20,'Scotch tape 1','Tape','1 inches','pcs',9,'18.20','163.8','AFD','PCIC R08','OFFICE SUPPLY','Completed','Nico Cabral','admin','2014-05-06'),(16,22,'Tissue Paper 2 ply','tissue','2ply','pcs',6,'75.10','450.6','AFD','PCIC R08','OFFICE SUPPLY','Completed','Nico Cabral','admin','2014-05-06'),(17,23,'Typewriter Ribbon','typewritter','ribbon','pcs',8,'16.90','135.2','AFD','PCIC R08','OFFICE SUPPLY','Completed','Nico Cabral','admin','2014-05-06'),(18,71,'Bondpaper A4 S-20','Book/Bond','A4 S-20','REAMS',35,'107.35','3757.25','AFD','PCIC R08','OFFICE SUPPLY','Completed','Nico Cabral','admin','2014-05-20'),(19,4,'Bondpaper Long S-21','Book/Bond','Long S-21','REAMS',35,'116.6','4081','AFD','PCIC R08','OFFICE SUPPLY','Completed','Nico Cabral','admin','2014-05-20'),(20,7,'Film Carbon Paper-black (Gold International) - Leg','Film Carbon','Legal','Boxes',2,'304.85','609.7','AFD','PCIC R08','OFFICE SUPPLY','Completed','Nico Cabral','admin','2014-05-20'),(21,9,'Masking Tape 2','Tape','2 inches','pcs',6,'107.95','647.7','AFD','PCIC R08','OFFICE SUPPLY','Completed','Nico Cabral','admin','2014-05-20'),(22,11,'Official Record Book 300 Pages','Record Book','300pages','pcs',6,'54.50','327','AFD','PCIC R08','OFFICE SUPPLY','Completed','Nico Cabral','admin','2014-05-20'),(23,14,'Pencil - Mongol No.2','Pencil','Mongol 2','Doz',1,'25','25','AFD','PCIC R08','OFFICE SUPPLY','Completed','Nico Cabral','admin','2014-05-20'),(24,17,'Packing Tape 2','Tape','2 inches','pcs',6,'34.90','209.4','AFD','PCIC R08','OFFICE SUPPLY','Completed','Nico Cabral','admin','2014-05-20'),(25,18,'Ruler','ruler','12 inches','pcs',6,'3.30','19.8','AFD','PCIC R08','OFFICE SUPPLY','Completed','Nico Cabral','admin','2014-05-20'),(26,19,'Scissor','s','s','pcs',3,'16.35','49.05','AFD','PCIC R08','OFFICE SUPPLY','Completed','Nico Cabral','admin','2014-05-20'),(27,20,'Scotch tape 1','Tape','1 inches','pcs',3,'18.20','54.6','AFD','PCIC R08','OFFICE SUPPLY','Completed','Nico Cabral','admin','2014-05-20'),(28,22,'Tissue Paper 2 ply','tissue','2ply','pcs',6,'75.10','450.6','AFD','PCIC R08','OFFICE SUPPLY','Completed','Nico Cabral','admin','2014-05-20'),(29,23,'Typewriter Ribbon','typewritter','ribbon','pcs',4,'16.90','67.6','AFD','PCIC R08','OFFICE SUPPLY','Completed','Nico Cabral','admin','2014-05-20'),(30,24,'Yellow pad','pad','pad','pads',2,'18.35','36.7','AFD','PCIC R08','OFFICE SUPPLY','Completed','Nico Cabral','admin','2014-05-20'),(31,13,'Paper Fastener Jumbo','Fasterner','Jumbo','Boxes',1,'68.55','68.55','AFD','PCIC R08','OFFICE SUPPLY','Completed','Nico Cabral','admin','2014-06-06'),(32,11,'Official Record Book 300 Pages','Record Book','300pages','pcs',2,'54.50','109','MSD','PCIC R08','OFFICE SUPPLY','Completed','Salvacion L. Maniebo','OIC-CHIEF-MSD','2014-07-02'),(33,15,'Pentel Pen Pilot (Black)','Pentel Pen','Black','pcs',1,'12.75','12.75','MSD','PCIC R08','OFFICE SUPPLY','Completed','Salvacion L. Maniebo','OIC-CHIEF-MSD','2014-07-02'),(34,11,'Official Record Book 300 Pages','Record Book','300pages','pcs',1,'54.50','54.5','MSD','PCIC R08','OFFICE SUPPLY','Completed','Salvacion L. Maniebo','OIC-CHIEF-MSD','2014-08-05'),(35,51,'Folder Long 14 PTS','folder','14pts','pcs',6,'4.00','24','MSD','PCIC R08','OFFICE SUPPLY','Completed','Salvacion L. Maniebo','OIC-CHIEF-MSD','2014-08-05'),(36,11,'Official Record Book 300 Pages','Record Book','300pages','pcs',1,'54.50','54.5','MSD','PCIC R08','OFFICE SUPPLY','Completed','Melinda Angela Flor G. Tabucao','JO-MSD','2014-08-05'),(37,49,'Expanding Envelope - Green','envelope','Green','pcs',10,'12','120','MSD','PCIC R08','OFFICE SUPPLY','Completed','Salvacion L. Maniebo','OIC-CHIEF-MSD','2014-09-09'),(38,51,'Folder Long 14 PTS','folder','14pts','pcs',100,'4.00','400','CAD','PCIC R08','OFFICE SUPPLY','Completed','Benita M. Alberto','Claim Processor II','2014-09-22'),(39,49,'Expanding Envelope - Green','envelope','Green','pcs',12,'12','144','CAD','PCIC R08','OFFICE SUPPLY','Completed','Benita M. Alberto','Claim Processor II','2014-09-22'),(40,59,'My Gel Pen Refill - Black','pen refill','Black','pcs',1,'15','15','CAD','PCIC R08','OFFICE SUPPLY','Completed','Benita M. Alberto','Claim Processor II','2014-09-22'),(41,13,'Paper Fastener Jumbo','Fasterner','Jumbo','Boxes',1,'68.55','68.55','AFD','PCIC R08','OFFICE SUPPLY','Completed','Leonard I. Teposo','JO-AFD','2014-09-30'),(42,17,'Packing Tape 2','Tape','2 inches','pcs',2,'34.90','69.8','AFD','PCIC R08','OFFICE SUPPLY','Completed','Leonard I. Teposo','JO-AFD','2014-09-30'),(43,61,'Casio Bussiness Calculator(12 Digit)','calculator','12 Digit','pcs',1,'300','300','MSD','PCIC R08','OFFICE SUPPLY','Completed','Jacquelyn C. Duterte','JO-MSD','2014-10-02'),(44,50,'Expanding Envelope - Red','envelope','Red','pcs',10,'12','120','MSD','PCIC R08','OFFICE SUPPLY','Completed','Jacquelyn C. Duterte','JO-MSD','2014-10-02'),(45,51,'Folder Long 14 PTS','folder','14pts','pcs',10,'4.00','40','MSD','PCIC R08','OFFICE SUPPLY','Completed','Jacquelyn C. Duterte','JO-MSD','2014-10-02'),(46,58,'Max Stapler Small','stapler','small','pcs',1,'55','55','MSD','PCIC R08','OFFICE SUPPLY','Completed','Jacquelyn C. Duterte','JO-MSD','2014-10-02'),(47,51,'Folder Long 14 PTS','folder','14pts','pcs',12,'4.00','48','AFD','PCIC R08','OFFICE SUPPLY','Completed','Leonard I. Teposo','JO-AFD','2014-10-08'),(48,46,'Brown Envelope - long','envelope','long','pcs',30,'1.80','54','AFD','PCIC R08','OFFICE SUPPLY','Completed','Leonard I. Teposo','JO-AFD','2014-10-08'),(49,47,'Brown Envelope - Short','envelope','Short','pcs',30,'1.50','45','AFD','PCIC R08','OFFICE SUPPLY','Completed','Leonard I. Teposo','JO-AFD','2014-10-08'),(50,48,'Bundy Card Ribbon Max(ER1500)','ribbon','ER1500','pcs',5,'800','4000','AFD','PCIC R08','OFFICE SUPPLY','Completed','Leonard I. Teposo','JO-AFD','2014-10-08'),(51,49,'Expanding Envelope - Green','envelope','Green','pcs',100,'12','1200','AFD','PCIC R08','OFFICE SUPPLY','Completed','Leonard I. Teposo','JO-AFD','2014-10-08'),(52,64,'Plastic Envelope','envelope','plastic','Doz',3,'90','270','AFD','PCIC R08','OFFICE SUPPLY','Completed','Leonard I. Teposo','JO-AFD','2014-10-08'),(53,46,'Brown Envelope - long','envelope','long','pcs',35,'1.80','63','CAD','PCIC R08','OFFICE SUPPLY','Completed','Benita M. Alberto','Claim Processor II','2014-10-09'),(54,47,'Brown Envelope - Short','envelope','Short','pcs',35,'1.50','52.5','CAD','PCIC R08','OFFICE SUPPLY','Completed','Benita M. Alberto','Claim Processor II','2014-10-09'),(55,50,'Expanding Envelope - Red','envelope','Red','pcs',100,'12','1200','CAD','PCIC R08','OFFICE SUPPLY','Completed','Benita M. Alberto','Claim Processor II','2014-10-09'),(56,56,'Max Heavy Duty puncher','puncher','heavy duty','pcs',3,'150','450','CAD','PCIC R08','OFFICE SUPPLY','Completed','Benita M. Alberto','Claim Processor II','2014-10-09'),(57,57,'Max Stapler Big','stapler','Big','pcs',3,'265','795','CAD','PCIC R08','OFFICE SUPPLY','Completed','Benita M. Alberto','Claim Processor II','2014-10-02'),(58,51,'Folder Long 14 PTS','folder','14pts','pcs',400,'4.00','1600','CAD','PCIC R08','OFFICE SUPPLY','Completed','Benita M. Alberto','Claim Processor II','2014-10-09'),(59,58,'Max Stapler Small','stapler','small','pcs',5,'55','275','CAD','PCIC R08','OFFICE SUPPLY','Completed','Benita M. Alberto','Claim Processor II','2014-10-09'),(60,59,'My Gel Pen Refill - Black','pen refill','Black','pcs',48,'15','720','CAD','PCIC R08','OFFICE SUPPLY','Completed','Benita M. Alberto','Claim Processor II','2014-10-09'),(61,60,'My Gel Pen Refill - Blue','pen refill','Blue','pcs',48,'15','720','CAD','PCIC R08','OFFICE SUPPLY','Completed','Benita M. Alberto','Claim Processor II','2014-10-09'),(62,62,'Paper Clip Jumbo','clip','jumbo','Box',10,'18','180','CAD','PCIC R08','OFFICE SUPPLY','Completed','Benita M. Alberto','Claim Processor II','2014-10-09'),(63,61,'Casio Bussiness Calculator(12 Digit)','calculator','12 Digit','pcs',6,'300','1800','CAD','PCIC R08','OFFICE SUPPLY','Completed','Benita M. Alberto','Claim Processor II','2014-10-09'),(64,17,'Packing Tape 2','Tape','2 inches','pcs',2,'34.90','69.8','AFD','PCIC R08','OFFICE SUPPLY','Completed','Leonard I. Teposo','JO-AFD','2014-10-15'),(65,15,'Pentel Pen Pilot (Black)','Pentel Pen','Black','pcs',1,'12.75','12.75','AFD','PCIC R08','OFFICE SUPPLY','Completed','Leonard I. Teposo','JO-AFD','2014-10-15'),(66,51,'Folder Long 14 PTS','folder','14pts','pcs',30,'4.00','120','AFD','PCIC R08','OFFICE SUPPLY','Completed','Leonard I. Teposo','JO-AFD','2014-10-15'),(67,52,'HP Ink Advantage 2515 Black','ink','2515 - Black','pcs',3,'396','1188','MSD','PCIC R08','OFFICE SUPPLY','Completed','Florica T. Pateno','JO-MSD','2014-10-22'),(68,53,'HP Ink Advantage 2515 Colored','ink','colored','pcs',3,'396','1188','MSD','PCIC R08','OFFICE SUPPLY','Completed','Florica T. Pateno','JO-MSD','2014-10-22'),(69,54,'HP Ink Deskjet 1515 Black','ink','1515 Black','pcs',3,'396','1188','MSD','PCIC R08','OFFICE SUPPLY','Completed','Florica T. Pateno','JO-MSD','2014-10-22'),(70,55,'HP Ink Deskjet 1515 Colored','ink','Colored','pcs',3,'396','1188','MSD','PCIC R08','OFFICE SUPPLY','Completed','Florica T. Pateno','JO-MSD','2014-10-22'),(71,56,'Max Heavy Duty puncher','puncher','heavy duty','pcs',3,'150','450','MSD','PCIC R08','OFFICE SUPPLY','Completed','Florica T. Pateno','JO-MSD','2014-10-22'),(72,57,'Max Stapler Big','stapler','Big','pcs',5,'265','1325','MSD','PCIC R08','OFFICE SUPPLY','Completed','Florica T. Pateno','JO-MSD','2014-10-22'),(73,58,'Max Stapler Small','stapler','small','pcs',5,'55','275','MSD','PCIC R08','OFFICE SUPPLY','Completed','Florica T. Pateno','JO-MSD','2014-10-22'),(74,59,'My Gel Pen Refill - Black','pen refill','Black','pcs',48,'15','720','MSD','PCIC R08','OFFICE SUPPLY','Completed','Florica T. Pateno','JO-MSD','2014-10-22'),(75,12,'Paper Clip Jumbo','Clip','Jumbo','Boc',3,'12.85','38.55','MSD','PCIC R08','OFFICE SUPPLY','Completed','Jacquelyn C. Duterte','JO-MSD','2014-10-23'),(76,62,'Paper Clip Jumbo','clip','jumbo','Box',7,'18','126','MSD','PCIC R08','OFFICE SUPPLY','Completed','Jacquelyn C. Duterte','JO-MSD','2014-10-23'),(77,51,'Folder Long 14 PTS','folder','14pts','pcs',24,'4.00','96','CAD','PCIC R08','OFFICE SUPPLY','Completed','Benita M. Alberto','Claim Processor II','2014-10-23'),(78,15,'Pentel Pen Pilot (Black)','Pentel Pen','Black','pcs',2,'12.75','25.5','CAD','PCIC R08','OFFICE SUPPLY','Completed','Benita M. Alberto','Claim Processor II','2014-10-23'),(79,46,'Brown Envelope - long','envelope','long','pcs',35,'1.80','63','AFD','PCIC R08','OFFICE SUPPLY','Completed','Nico Cabral','admin','2014-10-24'),(80,47,'Brown Envelope - Short','envelope','Short','pcs',35,'1.50','52.5','AFD','PCIC R08','OFFICE SUPPLY','Completed','Nico Cabral','admin','2014-10-24'),(81,51,'Folder Long 14 PTS','folder','14pts','pcs',418,'4.00','1672','AFD','PCIC R08','OFFICE SUPPLY','Completed','Nico Cabral','admin','2014-10-24'),(82,52,'HP Ink Advantage 2515 Black','ink','2515 - Black','pcs',4,'396','1584','AFD','PCIC R08','OFFICE SUPPLY','Completed','Nico Cabral','admin','2014-10-24'),(83,53,'HP Ink Advantage 2515 Colored','ink','colored','pcs',4,'396','1584','AFD','PCIC R08','OFFICE SUPPLY','Completed','Nico Cabral','admin','2014-10-24'),(84,54,'HP Ink Deskjet 1515 Black','ink','1515 Black','pcs',4,'396','1584','AFD','PCIC R08','OFFICE SUPPLY','Completed','Nico Cabral','admin','2014-10-24'),(85,55,'HP Ink Deskjet 1515 Colored','ink','Colored','pcs',6,'396','2376','AFD','PCIC R08','OFFICE SUPPLY','Completed','Nico Cabral','admin','2014-10-24'),(86,61,'Casio Bussiness Calculator(12 Digit)','calculator','12 Digit','pcs',6,'300','1800','AFD','PCIC R08','OFFICE SUPPLY','Completed','Nico Cabral','admin','2014-10-24'),(87,62,'Paper Clip Jumbo','clip','jumbo','Box',10,'18','180','AFD','PCIC R08','OFFICE SUPPLY','Completed','Nico Cabral','admin','2014-10-24'),(88,63,'Plastic Ruler (Transparent)','ruler','Transparent','pcs',8,'6','48','AFD','PCIC R08','OFFICE SUPPLY','Completed','Nico Cabral','admin','2014-10-24'),(89,52,'HP Ink Advantage 2515 Black','ink','2515 - Black','pcs',3,'396','1188','CAD','PCIC R08','OFFICE SUPPLY','Completed','Benita M. Alberto','Claim Processor II','2014-10-29'),(90,53,'HP Ink Advantage 2515 Colored','ink','colored','pcs',3,'396','1188','CAD','PCIC R08','OFFICE SUPPLY','Completed','Benita M. Alberto','Claim Processor II','2014-10-29'),(91,54,'HP Ink Deskjet 1515 Black','ink','1515 Black','pcs',3,'396','1188','CAD','PCIC R08','OFFICE SUPPLY','Completed','Benita M. Alberto','Claim Processor II','2014-10-29'),(92,55,'HP Ink Deskjet 1515 Colored','ink','Colored','pcs',1,'396','396','CAD','PCIC R08','OFFICE SUPPLY','Completed','Benita M. Alberto','Claim Processor II','2014-10-29'),(93,56,'Max Heavy Duty puncher','puncher','heavy duty','pcs',2,'150','300','CAD','PCIC R08','OFFICE SUPPLY','Completed','Benita M. Alberto','Claim Processor II','2014-10-29'),(94,58,'Max Stapler Small','stapler','small','pcs',4,'55','220','CAD','PCIC R08','OFFICE SUPPLY','Completed','Benita M. Alberto','Claim Processor II','2014-10-29'),(95,59,'My Gel Pen Refill - Black','pen refill','Black','pcs',23,'15','345','CAD','PCIC R08','OFFICE SUPPLY','Completed','Benita M. Alberto','Claim Processor II','2014-10-29'),(96,60,'My Gel Pen Refill - Blue','pen refill','Blue','pcs',72,'15','1080','CAD','PCIC R08','OFFICE SUPPLY','Completed','Benita M. Alberto','Claim Processor II','2014-10-29'),(97,61,'Casio Bussiness Calculator(12 Digit)','calculator','12 Digit','pcs',5,'300','1500','CAD','PCIC R08','OFFICE SUPPLY','Completed','Benita M. Alberto','Claim Processor II','2014-10-29'),(98,63,'Plastic Ruler (Transparent)','ruler','Transparent','pcs',10,'6','60','CAD','PCIC R08','OFFICE SUPPLY','Completed','Benita M. Alberto','Claim Processor II','2014-10-29'),(99,11,'Official Record Book 300 Pages','Record Book','300pages','pcs',3,'54.50','163.5','AFD','PCIC R08','OFFICE SUPPLY','Completed','Leonard I. Teposo','JO-AFD','2014-11-05'),(100,62,'Paper Clip Jumbo','clip','jumbo','Box',1,'18','18','AFD','PCIC R08','OFFICE SUPPLY','Completed','Leonard I. Teposo','JO-AFD','2014-11-05'),(101,7,'Film Carbon Paper-black (Gold International) - Leg','Film Carbon','Legal','Boxes',2,'304.85','609.7','AFD','PCIC R08','OFFICE SUPPLY','Completed','Leonard I. Teposo','JO-AFD','2014-11-05'),(102,15,'Pentel Pen Pilot (Black)','Pentel Pen','Black','pcs',1,'12.75','12.75','AFD','PCIC R08','OFFICE SUPPLY','Completed','Leonard I. Teposo','JO-AFD','2014-11-05'),(103,50,'Expanding Envelope - Red','envelope','Red','pcs',40,'12','480','MSD','PCIC R08','OFFICE SUPPLY','Completed','Wilfre Levi Pumanes','JO-MSD','2014-11-19'),(104,49,'Expanding Envelope - Green','envelope','Green','pcs',10,'12','120','MSD','PCIC R08','OFFICE SUPPLY','Completed','Archie L. Pitogo','JO-MSD','2014-11-21'),(105,62,'Paper Clip Jumbo','clip','jumbo','Box',1,'18','18','MSD','PCIC R08','OFFICE SUPPLY','Completed','Archie L. Pitogo','JO-MSD','2014-11-21'),(106,15,'Pentel Pen Pilot (Black)','Pentel Pen','Black','pcs',2,'12.75','25.5','MSD','PCIC R08','OFFICE SUPPLY','Completed','Archie L. Pitogo','JO-MSD','2014-11-21'),(107,62,'Paper Clip Jumbo','clip','jumbo','Box',1,'18','18','AFD','PCIC R08','OFFICE SUPPLY','Completed','Leonard I. Teposo','JO-AFD','2014-12-02'),(108,13,'Paper Fastener Jumbo','Fasterner','Jumbo','Boxes',1,'68.55','68.55','AFD','PCIC R08','OFFICE SUPPLY','Completed','Leonard I. Teposo','JO-AFD','2014-12-02');
/*!40000 ALTER TABLE `pcic_requestitem` ENABLE KEYS */;
UNLOCK TABLES;

--
-- Table structure for table `pcic_stockcard`
--

DROP TABLE IF EXISTS `pcic_stockcard`;
/*!40101 SET @saved_cs_client     = @@character_set_client */;
/*!40101 SET character_set_client = utf8 */;
CREATE TABLE `pcic_stockcard` (
  `id` int(11) NOT NULL AUTO_INCREMENT,
  `stockno` int(11) DEFAULT NULL,
  `stockitemname` varchar(50) DEFAULT NULL,
  `stockdescription` varchar(50) DEFAULT NULL,
  `stockunit` varchar(30) DEFAULT NULL,
  `date_recieved` date DEFAULT NULL,
  `recieved_qty` int(11) DEFAULT NULL,
  `recieved_cost` float DEFAULT NULL,
  `recievedtotalcost` float DEFAULT NULL,
  `issueddep` varchar(40) DEFAULT NULL,
  `issuedqty` int(11) DEFAULT NULL,
  `issuedcost` float DEFAULT NULL,
  `issuedtotalcost` float DEFAULT NULL,
  `status` varchar(11) DEFAULT NULL,
  `stockendbal` int(11) DEFAULT NULL,
  `stockcost` float DEFAULT NULL,
  `stocktotalcost` float DEFAULT NULL,
  `date` date DEFAULT NULL,
  PRIMARY KEY (`id`)
) ENGINE=InnoDB AUTO_INCREMENT=435 DEFAULT CHARSET=latin1;
/*!40101 SET character_set_client = @saved_cs_client */;

--
-- Dumping data for table `pcic_stockcard`
--

LOCK TABLES `pcic_stockcard` WRITE;
/*!40000 ALTER TABLE `pcic_stockcard` DISABLE KEYS */;
INSERT INTO `pcic_stockcard` VALUES (255,1,'HP Deskjet ink advantage 2515(Print Scan Copy)','HP printer','Piece','2014-03-18',1,3733,3733,NULL,NULL,NULL,NULL,'Updated',1,3733,3733,'2014-03-18'),(256,2,'Standard Stand Fan','Fan','Unit','2014-04-02',1,1750,1750,NULL,NULL,NULL,NULL,'Updated',1,1750,1750,'2014-04-02'),(258,4,'Bondpaper Long S-21','Book/Bond','REAMS','2014-04-25',100,116.6,11660,NULL,NULL,NULL,NULL,'Updated',100,116.6,11660,'2014-04-25'),(259,5,'Energizer Battery AA','Battery','Doz','2014-04-25',3,20.15,60.45,NULL,NULL,NULL,NULL,'Updated',3,20.15,60.45,'2014-04-25'),(260,6,'Ethyl Alcohol 70%','Ethyl','Bottle','2014-04-25',12,40.1,481.2,NULL,NULL,NULL,NULL,'Updated',12,40.1,481.2,'2014-04-25'),(262,7,'Film Carbon Paper-black (Gold International) - Leg','Film Carbon','Boxes','2014-04-25',5,304.85,1524.25,NULL,NULL,NULL,NULL,'Updated',5,304.85,1524.25,'2014-04-25'),(263,8,'Floor MOP - Scotch Brite (Scouring Pad)','Floor MOP','Pcs','2014-04-25',2,123,246,NULL,NULL,NULL,NULL,'Updated',2,123,246,'2014-04-25'),(264,9,'Masking Tape 2','Tape','pcs','2014-04-25',12,107.95,1295.4,NULL,NULL,NULL,NULL,'Updated',12,107.95,1295.4,'2014-04-25'),(265,10,'Nylon Straw(Twine)','Straw','pcs','2014-04-25',2,47.85,95.7,NULL,NULL,NULL,NULL,'Updated',2,47.85,95.7,'2014-04-25'),(266,11,'Official Record Book 300 Pages','Record Book','pcs','2014-04-25',24,54.5,1308,NULL,NULL,NULL,NULL,'Updated',24,54.5,1308,'2014-04-25'),(267,12,'Paper Clip Jumbo','Clip','Boc','2014-04-25',3,12.85,38.55,NULL,NULL,NULL,NULL,'Updated',3,12.85,38.55,'2014-04-25'),(268,13,'Paper Fastener Jumbo','Fasterner','Boxes','2014-04-25',3,68.55,205.65,NULL,NULL,NULL,NULL,'Updated',3,68.55,205.65,'2014-04-25'),(269,14,'Pencil - Mongol No.2','Pencil','Doz','2014-04-25',3,25,75,NULL,NULL,NULL,NULL,'Updated',3,25,75,'2014-04-25'),(270,15,'Pentel Pen Pilot (Black)','Pentel Pen','pcs','2014-04-25',12,12.75,153,NULL,NULL,NULL,NULL,'Updated',12,12.75,153,'2014-04-25'),(271,16,'Pentel Pen Pilot (Blue)','Pentel Pen','pcs','2014-04-25',12,12.75,153,NULL,NULL,NULL,NULL,'Updated',12,12.75,153,'2014-04-25'),(272,17,'Packing Tape 2','Tape','pcs','2014-04-25',12,34.9,418.8,NULL,NULL,NULL,NULL,'Updated',12,34.9,418.8,'2014-04-25'),(273,18,'Ruler','ruler','pcs','2014-04-25',12,3.3,39.6,NULL,NULL,NULL,NULL,'Updated',12,3.3,39.6,'2014-04-25'),(274,19,'Scissor','scissor','pcs','2014-04-25',3,16.35,49.05,NULL,NULL,NULL,NULL,'Updated',3,16.35,49.05,'2014-04-25'),(275,20,'Scotch tape 1','Tape','pcs','2014-04-25',12,18.2,218.4,NULL,NULL,NULL,NULL,'Updated',12,18.2,218.4,'2014-04-25'),(276,21,'Soap Detergent Powder 1kg','soap powder','packs','2014-04-25',12,26.2,314.4,NULL,NULL,NULL,NULL,'Updated',12,26.2,314.4,'2014-04-25'),(277,22,'Tissue Paper 2 ply','tissue','pcs','2014-04-25',12,76.1,913.2,NULL,NULL,NULL,NULL,'Updated',12,76.1,901.2,'2014-04-25'),(278,23,'Typewriter Ribbon','typewritter','pcs','2014-04-25',12,16.9,202.8,NULL,NULL,NULL,NULL,'Updated',12,16.9,202.8,'2014-04-25'),(279,24,'Yellow pad','pad','pads','2014-04-25',2,18.35,36.7,NULL,NULL,NULL,NULL,'Updated',2,18.35,36.7,'2014-04-25'),(280,25,'Printer Canon Class MF 3010','printer','unit','2014-05-29',1,3710,3710,NULL,NULL,NULL,NULL,'Updated',1,3710,3710,'2014-05-29'),(281,26,'Office Table Model No. JIT-F48','Table','units','2014-05-29',3,2395,7185,NULL,NULL,NULL,NULL,'Updated',3,2395,7185,'2014-05-29'),(282,25,'Printer Canon Class MF 3010','printer','unit','2014-05-19',0,3710,0,NULL,NULL,NULL,NULL,'Updated',1,3710,3710,'2014-05-19'),(283,27,'Office Chair W/Arm MODEL:STM10017703','chair','units','2014-05-29',3,1795,5385,NULL,NULL,NULL,NULL,'Updated',3,1795,5385,'2014-05-29'),(284,28,'Plastic Chair - Cofta Green','chiar','units','2014-05-29',6,495,2970,NULL,NULL,NULL,NULL,'Updated',6,495,2970,'2014-05-29'),(285,29,'Office Table','Table','units','2014-03-26',3,1500,4500,NULL,NULL,NULL,NULL,'Updated',3,1500,4500,'2014-03-26'),(286,30,'Swivel Chair','chair','unit','2014-03-26',3,1500,4500,NULL,NULL,NULL,NULL,'Updated',3,1500,4500,'2014-03-26'),(287,31,'Monoblock Chair','chair','pcs','2014-03-26',2,365,730,NULL,NULL,NULL,NULL,'Updated',2,365,730,'2014-03-26'),(288,32,'3 Layer File Cabinet','cabinet','unit','2014-03-26',1,2600,2600,NULL,NULL,NULL,NULL,'Updated',1,2600,2600,'2014-03-26'),(289,33,'Office Table','table','unit','2014-04-02',2,3700,7400,NULL,NULL,NULL,NULL,'Updated',2,3700,7400,'2014-04-02'),(290,34,'Chair','chair','pcs','2014-04-02',2,400,800,NULL,NULL,NULL,NULL,'Updated',2,400,800,'2014-04-02'),(291,35,'Cofta bench/lounge Chair','chair','unit','2014-04-02',1,3250,3250,NULL,NULL,NULL,NULL,'Updated',1,3250,3250,'2014-04-02'),(292,36,'4 Layer Cabinet File Cabinet','cabinet','unit','2014-04-02',1,2150,2150,NULL,NULL,NULL,NULL,'Updated',1,2150,2150,'2014-04-02'),(293,37,'Office Table','table','pcs','2014-04-02',3,1687,5061,NULL,NULL,NULL,NULL,'Updated',3,1687,5061,'2014-04-02'),(294,38,'Office Chair','chair','pcs','2014-04-02',3,1433,4299,NULL,NULL,NULL,NULL,'Updated',3,1433,4299,'2014-04-02'),(295,39,'Loveseat','chair','pcs','2014-04-02',2,1100,2200,NULL,NULL,NULL,NULL,'Updated',2,1100,2200,'2014-04-02'),(296,40,'Cabinet (Divider type)','cabinet','pc','2014-08-26',1,3800,3800,NULL,NULL,NULL,NULL,'Updated',1,3800,3800,'2014-08-26'),(297,41,'Monoblock Chairs','chair','pcs','2014-08-26',3,390,1170,NULL,NULL,NULL,NULL,'Updated',3,390,1170,'2014-08-26'),(298,42,'Table(JIT - F48; Color: Wenge)','table','pcs','2014-08-27',3,2395,7185,NULL,NULL,NULL,NULL,'Updated',3,2395,7185,'2014-08-27'),(299,43,'Chair (with Arm, Color : Black)','chair','pcs','2014-08-27',3,1795,5385,NULL,NULL,NULL,NULL,'Updated',3,1795,5385,'2014-08-27'),(300,44,'Cofta Monoblock Chairs (color:White)','chair','pcs','2014-08-27',6,495,2970,NULL,NULL,NULL,NULL,'Updated',6,495,2970,'2014-08-27'),(301,45,'Electric Fan (Hanabishi Stand Fan)','fan','pc','2014-08-27',1,1795,1795,NULL,NULL,NULL,NULL,'Updated',1,1795,1795,'2014-08-27'),(302,46,'Brown Envelope - long','envelope','pcs','2014-09-09',100,1.8,180,NULL,NULL,NULL,NULL,'Updated',100,1.8,180,'2014-09-09'),(303,47,'Brown Envelope - Short','envelope','pcs','2014-09-09',100,1.5,150,NULL,NULL,NULL,NULL,'Updated',100,1.5,150,'2014-09-09'),(304,48,'Bundy Card Ribbon Max(ER1500)','ribbon','pcs','2014-09-09',5,800,4000,NULL,NULL,NULL,NULL,'Updated',5,800,4000,'2014-09-09'),(305,49,'Expanding Envelope - Green','envelope','pcs','2014-09-09',150,12,1800,NULL,NULL,NULL,NULL,'Updated',150,12,1800,'2014-09-09'),(306,50,'Expanding Envelope - Red','envelope','pcs','2014-09-09',150,12,1800,NULL,NULL,NULL,NULL,'Updated',150,12,1800,'2014-09-09'),(307,51,'Folder Long 14 PTS','folder','pcs','2014-09-09',1000,4,4000,NULL,NULL,NULL,NULL,'Updated',1000,4,4000,'2014-09-09'),(308,52,'HP Ink Advantage 2515 Black','ink','pcs','2014-09-09',10,396,3960,NULL,NULL,NULL,NULL,'Updated',10,396,3960,'2014-09-09'),(309,53,'HP Ink Advantage 2515 Colored','ink','pcs','2014-09-09',10,396,3960,NULL,NULL,NULL,NULL,'Updated',10,396,3960,'2014-09-09'),(310,54,'HP Ink Deskjet 1515 Black','ink','pcs','2014-09-09',10,396,3960,NULL,NULL,NULL,NULL,'Updated',10,396,3960,'2014-09-09'),(311,55,'HP Ink Deskjet 1515 Colored','ink','pcs','2014-09-09',10,396,3960,NULL,NULL,NULL,NULL,'Updated',10,396,3960,'2014-09-09'),(312,56,'Max Heavy Duty puncher','puncher','pcs','2014-09-09',8,150,1200,NULL,NULL,NULL,NULL,'Updated',8,150,1200,'2014-09-09'),(313,57,'Max Stapler Big','stapler','pcs','2014-09-09',8,265,2120,NULL,NULL,NULL,NULL,'Updated',8,265,2120,'2014-09-09'),(314,58,'Max Stapler Small','stapler','pcs','2014-09-09',15,55,825,NULL,NULL,NULL,NULL,'Updated',15,180,2700,'2014-09-09'),(315,59,'My Gel Pen Refill - Black','pen refill','pcs','2014-09-09',120,15,1800,NULL,NULL,NULL,NULL,'Updated',120,15,1800,'2014-09-09'),(316,60,'My Gel Pen Refill - Blue','pen refill','pcs','2014-09-09',120,15,1800,NULL,NULL,NULL,NULL,'Updated',120,15,1800,'2014-09-09'),(317,61,'Casio Bussiness Calculator(12 Digit)','calculator','pcs','2014-09-09',18,300,5400,NULL,NULL,NULL,NULL,'Updated',18,300,5400,'2014-09-09'),(318,62,'Paper Clip Jumbo','clip','Box','2014-09-09',30,18,540,NULL,NULL,NULL,NULL,'Updated',30,18,540,'2014-09-09'),(319,63,'Plastic Ruler (Transparent)','ruler','pcs','2014-09-09',18,6,108,NULL,NULL,NULL,NULL,'Updated',18,6,108,'2014-09-09'),(320,64,'Plastic Envelope','envelope','Doz','2014-09-09',3,90,270,NULL,NULL,NULL,NULL,'Updated',3,90,270,'2014-09-09'),(321,65,'Office tables (Desk w/ Drawers)','tables','pcs','2014-09-09',2,3600,7200,NULL,NULL,NULL,NULL,'Updated',2,3600,7200,'2014-09-09'),(322,66,'Electric fan - Standard 16 inches Stainless Model ','fan','pc','2014-09-23',1,1700,1700,NULL,NULL,NULL,NULL,'Updated',1,1700,1700,'2014-09-23'),(323,65,'Office tables (Desk w/ Drawers)','tables','pcs','2014-09-19',0,3600,0,NULL,NULL,NULL,NULL,'Updated',2,3600,7200,'2014-09-19'),(324,67,'Cabinet Divider','cabinet','unit','2014-09-23',1,5395,5395,NULL,NULL,NULL,NULL,'Updated',1,5395,5395,'2014-09-23'),(325,68,'Stocking Chair','chair','unit','2014-06-19',6,350,2100,NULL,NULL,NULL,NULL,'Updated',6,350,2100,'2014-06-19'),(326,69,'UPS','battery','pcs','2014-06-16',6,1216.67,7300.02,NULL,NULL,NULL,NULL,'Updated',6,1216.67,7300.02,'2014-06-16'),(327,70,'Computer Software','software','pcs','2014-06-23',6,8323.34,49940,NULL,NULL,NULL,NULL,'Updated',6,8323.34,49940,'2014-06-23'),(329,71,'Bondpaper A4 S-20','Book/Bond','REAMS','2014-04-25',100,107.35,10735,NULL,NULL,NULL,NULL,'Updated',100,107.35,10735,'2014-04-25'),(330,71,'Bondpaper A4 S-20','Book/Bond','REAMS','2014-04-25',100,107.35,10735,'AFD',30,107.35,3220.5,NULL,70,107.35,7514.5,'2014-05-02'),(331,4,'Bondpaper Long S-21','Book/Bond','REAMS','2014-04-25',100,116.6,11660,'AFD',30,116.6,3498,NULL,70,116.6,8162,'2014-05-02'),(332,5,'Energizer Battery AA','Battery','Doz','2014-04-25',3,20.15,60.45,'AFD',3,20.15,60.45,NULL,0,20.15,0,'2014-05-02'),(333,6,'Ethyl Alcohol 70%','Ethyl','Bottle','2014-04-25',12,40.1,481.2,'AFD',12,40.1,481.2,NULL,0,40.1,0,'2014-05-02'),(334,23,'Typewriter Ribbon','typewritter','pcs','2014-04-25',12,16.9,202.8,'AFD',8,16.9,135.2,NULL,4,16.9,67.6,'2014-05-06'),(335,22,'Tissue Paper 2 ply','tissue','pcs','2014-04-25',12,76.1,913.2,'AFD',6,76.1,456.6,NULL,6,76.1,456.6,'2014-05-06'),(336,20,'Scotch tape 1','Tape','pcs','2014-04-25',12,18.2,218.4,'AFD',9,18.2,163.8,NULL,3,18.2,54.6,'2014-05-06'),(337,18,'Ruler','ruler','pcs','2014-04-25',12,3.3,39.6,'AFD',6,3.3,19.8,NULL,6,3.3,19.8,'2014-05-06'),(338,11,'Official Record Book 300 Pages','Record Book','pcs','2014-04-25',24,54.5,1308,'AFD',8,54.5,436,NULL,16,54.5,872,'2014-05-06'),(339,9,'Masking Tape 2','Tape','pcs','2014-04-25',12,107.95,1295.4,'AFD',3,107.95,323.85,NULL,9,107.95,971.55,'2014-05-06'),(340,7,'Film Carbon Paper-black (Gold International) - Leg','Film Carbon','Boxes','2014-04-25',5,304.85,1524.25,'AFD',1,304.85,304.85,NULL,4,304.85,1219.4,'2014-05-06'),(341,4,'Bondpaper Long S-21','Book/Bond','REAMS','2014-04-25',100,116.6,11660,'AFD',35,116.6,4081,NULL,35,116.6,4081,'2014-05-06'),(342,71,'Bondpaper A4 S-20','Book/Bond','REAMS','2014-04-25',100,107.35,10735,'AFD',35,107.35,3757.25,NULL,35,107.35,3757.25,'2014-05-06'),(343,24,'Yellow pad','pad','pads','2014-04-25',2,18.35,36.7,'AFD',2,18.35,36.7,NULL,0,18.35,0,'2014-05-20'),(344,4,'Bondpaper Long S-21','Book/Bond','REAMS','2014-04-25',100,116.6,11660,'AFD',35,116.6,4081,NULL,0,116.6,0,'2014-05-20'),(345,7,'Film Carbon Paper-black (Gold International) - Leg','Film Carbon','Boxes','2014-04-25',5,304.85,1524.25,'AFD',2,304.85,609.7,NULL,2,304.85,609.7,'2014-05-20'),(346,9,'Masking Tape 2','Tape','pcs','2014-04-25',12,107.95,1295.4,'AFD',6,107.95,647.7,NULL,3,107.95,323.85,'2014-05-20'),(347,11,'Official Record Book 300 Pages','Record Book','pcs','2014-04-25',24,54.5,1308,'AFD',6,54.5,327,NULL,10,54.5,545,'2014-05-20'),(348,14,'Pencil - Mongol No.2','Pencil','Doz','2014-04-25',3,25,75,'AFD',1,25,25,NULL,2,25,50,'2014-05-20'),(349,17,'Packing Tape 2','Tape','pcs','2014-04-25',12,34.9,418.8,'AFD',6,34.9,209.4,NULL,6,34.9,209.4,'2014-05-20'),(350,18,'Ruler','ruler','pcs','2014-04-25',12,3.3,39.6,'AFD',6,3.3,19.8,NULL,0,3.3,0,'2014-05-20'),(351,19,'Scissor','scissor','pcs','2014-04-25',3,16.35,49.05,'AFD',3,16.35,49.05,NULL,0,16.35,0,'2014-05-20'),(352,20,'Scotch tape 1','Tape','pcs','2014-04-25',12,18.2,218.4,'AFD',3,18.2,54.6,NULL,0,18.2,0,'2014-05-20'),(353,22,'Tissue Paper 2 ply','tissue','pcs','2014-04-25',12,76.1,913.2,'AFD',6,76.1,456.6,NULL,0,76.1,0,'2014-05-20'),(354,23,'Typewriter Ribbon','typewritter','pcs','2014-04-25',12,16.9,202.8,'AFD',4,16.9,67.6,NULL,0,16.9,0,'2014-05-20'),(355,71,'Bondpaper A4 S-20','Book/Bond','REAMS','2014-04-25',100,107.35,10735,'AFD',35,107.35,3757.25,NULL,0,107.35,0,'2014-05-20'),(356,72,'Storage Box (4 Layers)','storage','pc','2014-04-02',1,4155,4155,NULL,NULL,NULL,NULL,'Updated',1,4155,4155,'2014-04-02'),(357,13,'Paper Fastener Jumbo','Fasterner','Boxes','2014-04-25',3,68.55,205.65,'AFD',1,68.55,68.55,NULL,2,68.55,137.1,'2014-06-06'),(358,11,'Official Record Book 300 Pages','Record Book','pcs','2014-04-25',24,54.5,1308,'MSD',2,54.5,109,NULL,8,54.5,436,'2014-07-02'),(359,11,'Official Record Book 300 Pages','Record Book','pcs','2014-04-25',24,54.5,1308,'MSD',1,54.5,54.5,NULL,7,54.5,381.5,'2014-08-05'),(360,51,'Folder Long 14 PTS','folder','pcs','2014-09-09',1000,4,4000,'MSD',6,4,24,NULL,994,4,3976,'2014-08-05'),(361,11,'Official Record Book 300 Pages','Record Book','pcs','2014-04-25',24,54.5,1308,'MSD',1,54.5,54.5,NULL,6,54.5,327,'2014-08-05'),(362,15,'Pentel Pen Pilot (Black)','Pentel Pen','pcs','2014-04-25',12,12.75,153,'MSD',1,12.75,12.75,NULL,11,12.75,140.25,'2014-07-02'),(363,49,'Expanding Envelope - Green','envelope','pcs','2014-09-09',150,12,1800,'MSD',10,12,120,NULL,140,12,1680,'2014-09-09'),(364,51,'Folder Long 14 PTS','folder','pcs','2014-09-09',1000,4,4000,'CAD',100,4,400,NULL,894,4,3576,'2014-09-22'),(365,59,'My Gel Pen Refill - Black','pen refill','pcs','2014-09-09',120,15,1800,'CAD',1,15,15,NULL,119,15,1785,'2014-09-22'),(366,49,'Expanding Envelope - Green','envelope','pcs','2014-09-09',150,12,1800,'CAD',12,12,144,NULL,128,12,1536,'2014-09-22'),(367,17,'Packing Tape 2','Tape','pcs','2014-04-25',12,34.9,418.8,'AFD',2,34.9,69.8,NULL,4,34.9,139.6,'2014-09-30'),(368,13,'Paper Fastener Jumbo','Fasterner','Boxes','2014-04-25',3,68.55,205.65,'AFD',1,68.55,68.55,NULL,1,68.55,68.55,'2014-09-30'),(369,58,'Max Stapler Small','stapler','pcs','2014-09-09',15,55,825,'MSD',1,55,55,NULL,14,55,770,'2014-10-02'),(370,51,'Folder Long 14 PTS','folder','pcs','2014-09-09',1000,4,4000,'MSD',10,4,40,NULL,884,4,3536,'2014-10-02'),(371,61,'Casio Bussiness Calculator(12 Digit)','calculator','pcs','2014-09-09',18,300,5400,'MSD',1,300,300,NULL,17,300,5100,'2014-10-02'),(372,50,'Expanding Envelope - Red','envelope','pcs','2014-09-09',150,12,1800,'MSD',10,12,120,NULL,140,12,1680,'2014-10-02'),(373,64,'Plastic Envelope','envelope','Doz','2014-09-09',3,90,270,'AFD',3,90,270,NULL,0,90,0,'2014-10-08'),(374,49,'Expanding Envelope - Green','envelope','pcs','2014-09-09',150,12,1800,'AFD',100,12,1200,NULL,28,12,336,'2014-10-08'),(375,48,'Bundy Card Ribbon Max(ER1500)','ribbon','pcs','2014-09-09',5,800,4000,'AFD',5,800,4000,NULL,0,800,0,'2014-10-08'),(376,47,'Brown Envelope - Short','envelope','pcs','2014-09-09',100,1.5,150,'AFD',30,1.5,45,NULL,70,1.5,105,'2014-10-08'),(377,46,'Brown Envelope - long','envelope','pcs','2014-09-09',100,1.8,180,'AFD',30,1.8,54,NULL,70,1.8,126,'2014-10-08'),(378,51,'Folder Long 14 PTS','folder','pcs','2014-09-09',1000,4,4000,'AFD',12,4,48,NULL,872,4,3488,'2014-10-08'),(379,61,'Casio Bussiness Calculator(12 Digit)','calculator','pcs','2014-09-09',18,300,5400,'CAD',6,300,1800,NULL,11,300,3300,'2014-10-09'),(380,47,'Brown Envelope - Short','envelope','pcs','2014-09-09',100,1.5,150,'CAD',35,1.5,52.5,NULL,35,1.5,52.5,'2014-10-09'),(381,50,'Expanding Envelope - Red','envelope','pcs','2014-09-09',150,12,1800,'CAD',100,12,1200,NULL,40,12,480,'2014-10-09'),(382,56,'Max Heavy Duty puncher','puncher','pcs','2014-09-09',8,150,1200,'CAD',3,150,450,NULL,5,150,750,'2014-10-09'),(383,51,'Folder Long 14 PTS','folder','pcs','2014-09-09',1000,4,4000,'CAD',400,4,1600,NULL,472,4,1888,'2014-10-09'),(384,58,'Max Stapler Small','stapler','pcs','2014-09-09',15,55,825,'CAD',5,55,275,NULL,9,55,495,'2014-10-09'),(385,59,'My Gel Pen Refill - Black','pen refill','pcs','2014-09-09',120,15,1800,'CAD',48,15,720,NULL,71,15,1065,'2014-10-09'),(386,60,'My Gel Pen Refill - Blue','pen refill','pcs','2014-09-09',120,15,1800,'CAD',48,15,720,NULL,72,15,1080,'2014-10-09'),(387,62,'Paper Clip Jumbo','clip','Box','2014-09-09',30,18,540,'CAD',10,18,180,NULL,20,18,360,'2014-10-09'),(388,46,'Brown Envelope - long','envelope','pcs','2014-09-09',100,1.8,180,'CAD',35,1.8,63,NULL,35,1.8,63,'2014-10-09'),(389,57,'Max Stapler Big','stapler','pcs','2014-09-09',8,265,2120,'CAD',3,265,795,NULL,5,265,1325,'2014-10-02'),(390,15,'Pentel Pen Pilot (Black)','Pentel Pen','pcs','2014-04-25',12,12.75,153,'AFD',1,12.75,12.75,NULL,10,12.75,127.5,'2014-10-15'),(391,17,'Packing Tape 2','Tape','pcs','2014-04-25',12,34.9,418.8,'AFD',2,34.9,69.8,NULL,2,34.9,69.8,'2014-10-15'),(392,51,'Folder Long 14 PTS','folder','pcs','2014-09-09',1000,4,4000,'AFD',30,4,120,NULL,442,4,1768,'2014-10-15'),(393,59,'My Gel Pen Refill - Black','pen refill','pcs','2014-09-09',120,15,1800,'MSD',48,15,720,NULL,23,15,345,'2014-10-22'),(394,58,'Max Stapler Small','stapler','pcs','2014-09-09',15,55,825,'MSD',5,55,275,NULL,4,55,220,'2014-10-22'),(395,57,'Max Stapler Big','stapler','pcs','2014-09-09',8,265,2120,'MSD',5,265,1325,NULL,0,265,0,'2014-10-22'),(396,56,'Max Heavy Duty puncher','puncher','pcs','2014-09-09',8,150,1200,'MSD',3,150,450,NULL,2,150,300,'2014-10-22'),(397,55,'HP Ink Deskjet 1515 Colored','ink','pcs','2014-09-09',10,396,3960,'MSD',3,396,1188,NULL,7,396,2772,'2014-10-22'),(398,54,'HP Ink Deskjet 1515 Black','ink','pcs','2014-09-09',10,396,3960,'MSD',3,396,1188,NULL,7,396,2772,'2014-10-22'),(399,53,'HP Ink Advantage 2515 Colored','ink','pcs','2014-09-09',10,396,3960,'MSD',3,396,1188,NULL,7,396,2772,'2014-10-22'),(400,52,'HP Ink Advantage 2515 Black','ink','pcs','2014-09-09',10,396,3960,'MSD',3,396,1188,NULL,7,396,2772,'2014-10-22'),(401,15,'Pentel Pen Pilot (Black)','Pentel Pen','pcs','2014-04-25',12,12.75,153,'CAD',2,12.75,25.5,NULL,8,12.75,102,'2014-10-23'),(402,51,'Folder Long 14 PTS','folder','pcs','2014-09-09',1000,4,4000,'CAD',24,4,96,NULL,418,4,1672,'2014-10-23'),(403,62,'Paper Clip Jumbo','clip','Box','2014-09-09',30,18,540,'MSD',7,18,126,NULL,13,18,234,'2014-10-23'),(404,12,'Paper Clip Jumbo','Clip','Boc','2014-04-25',3,12.85,38.55,'MSD',3,12.85,38.55,NULL,0,12.85,0,'2014-10-23'),(405,47,'Brown Envelope - Short','envelope','pcs','2014-09-09',100,1.5,150,'AFD',35,1.5,52.5,NULL,0,1.5,0,'2014-10-24'),(406,46,'Brown Envelope - long','envelope','pcs','2014-09-09',100,1.8,180,'AFD',35,1.8,63,NULL,0,1.8,0,'2014-10-24'),(407,63,'Plastic Ruler (Transparent)','ruler','pcs','2014-09-09',18,6,108,'AFD',8,6,48,NULL,10,6,60,'2014-10-24'),(408,51,'Folder Long 14 PTS','folder','pcs','2014-09-09',1000,4,4000,'AFD',418,4,1672,NULL,0,4,0,'2014-10-24'),(409,52,'HP Ink Advantage 2515 Black','ink','pcs','2014-09-09',10,396,3960,'AFD',4,396,1584,NULL,3,396,1188,'2014-10-24'),(410,53,'HP Ink Advantage 2515 Colored','ink','pcs','2014-09-09',10,396,3960,'AFD',4,396,1584,NULL,3,396,1188,'2014-10-24'),(411,54,'HP Ink Deskjet 1515 Black','ink','pcs','2014-09-09',10,396,3960,'AFD',4,396,1584,NULL,3,396,1188,'2014-10-24'),(412,55,'HP Ink Deskjet 1515 Colored','ink','pcs','2014-09-09',10,396,3960,'AFD',6,396,2376,NULL,1,396,396,'2014-10-24'),(413,61,'Casio Bussiness Calculator(12 Digit)','calculator','pcs','2014-09-09',18,300,5400,'AFD',6,300,1800,NULL,5,300,1500,'2014-10-24'),(414,62,'Paper Clip Jumbo','clip','Box','2014-09-09',30,18,540,'AFD',10,18,180,NULL,3,18,54,'2014-10-24'),(415,63,'Plastic Ruler (Transparent)','ruler','pcs','2014-09-09',18,6,108,'CAD',10,6,60,NULL,0,6,0,'2014-10-29'),(416,52,'HP Ink Advantage 2515 Black','ink','pcs','2014-09-09',10,396,3960,'CAD',3,396,1188,NULL,0,396,0,'2014-10-29'),(417,53,'HP Ink Advantage 2515 Colored','ink','pcs','2014-09-09',10,396,3960,'CAD',3,396,1188,NULL,0,396,0,'2014-10-29'),(418,54,'HP Ink Deskjet 1515 Black','ink','pcs','2014-09-09',10,396,3960,'CAD',3,396,1188,NULL,0,396,0,'2014-10-29'),(419,55,'HP Ink Deskjet 1515 Colored','ink','pcs','2014-09-09',10,396,3960,'CAD',1,396,396,NULL,0,396,0,'2014-10-29'),(420,56,'Max Heavy Duty puncher','puncher','pcs','2014-09-09',8,150,1200,'CAD',2,150,300,NULL,0,150,0,'2014-10-29'),(421,58,'Max Stapler Small','stapler','pcs','2014-09-09',15,55,825,'CAD',4,55,220,NULL,0,55,0,'2014-10-29'),(422,59,'My Gel Pen Refill - Black','pen refill','pcs','2014-09-09',120,15,1800,'CAD',23,15,345,NULL,0,15,0,'2014-10-29'),(423,60,'My Gel Pen Refill - Blue','pen refill','pcs','2014-09-09',120,15,1800,'CAD',72,15,1080,NULL,0,15,0,'2014-10-29'),(424,61,'Casio Bussiness Calculator(12 Digit)','calculator','pcs','2014-09-09',18,300,5400,'CAD',5,300,1500,NULL,0,300,0,'2014-10-29'),(425,7,'Film Carbon Paper-black (Gold International) - Leg','Film Carbon','Boxes','2014-04-25',5,304.85,1524.25,'AFD',2,304.85,609.7,NULL,0,304.85,0,'2014-11-05'),(426,62,'Paper Clip Jumbo','clip','Box','2014-09-09',30,18,540,'AFD',1,18,18,NULL,2,18,36,'2014-11-05'),(427,11,'Official Record Book 300 Pages','Record Book','pcs','2014-04-25',24,54.5,1308,'AFD',3,54.5,163.5,NULL,3,54.5,163.5,'2014-11-05'),(428,15,'Pentel Pen Pilot (Black)','Pentel Pen','pcs','2014-04-25',12,12.75,153,'AFD',1,12.75,12.75,NULL,7,12.75,89.25,'2014-11-05'),(429,50,'Expanding Envelope - Red','envelope','pcs','2014-09-09',150,12,1800,'MSD',40,12,480,NULL,0,12,0,'2014-11-19'),(430,15,'Pentel Pen Pilot (Black)','Pentel Pen','pcs','2014-04-25',12,12.75,153,'MSD',2,12.75,25.5,NULL,5,12.75,63.75,'2014-11-21'),(431,62,'Paper Clip Jumbo','clip','Box','2014-09-09',30,18,540,'MSD',1,18,18,NULL,1,18,18,'2014-11-21'),(432,49,'Expanding Envelope - Green','envelope','pcs','2014-09-09',150,12,1800,'MSD',10,12,120,NULL,18,12,216,'2014-11-21'),(433,62,'Paper Clip Jumbo','clip','Box','2014-09-09',30,18,540,'AFD',1,18,18,NULL,0,18,0,'2014-12-02'),(434,13,'Paper Fastener Jumbo','Fasterner','Boxes','2014-04-25',3,68.55,205.65,'AFD',1,68.55,68.55,NULL,0,68.55,0,'2014-12-02');
/*!40000 ALTER TABLE `pcic_stockcard` ENABLE KEYS */;
UNLOCK TABLES;

--
-- Table structure for table `pcic_stockinventory`
--

DROP TABLE IF EXISTS `pcic_stockinventory`;
/*!40101 SET @saved_cs_client     = @@character_set_client */;
/*!40101 SET character_set_client = utf8 */;
CREATE TABLE `pcic_stockinventory` (
  `id` int(11) NOT NULL AUTO_INCREMENT,
  `itemname` varchar(50) DEFAULT NULL,
  `startbal` int(11) DEFAULT NULL,
  `startucost` float DEFAULT NULL,
  `startamount` float DEFAULT NULL,
  `issuanceqty` int(11) DEFAULT NULL,
  `issuancecost` float DEFAULT NULL,
  `issuanceamount` float DEFAULT NULL,
  `endbal` int(11) DEFAULT NULL,
  `enducost` float DEFAULT NULL,
  `endamount` float DEFAULT NULL,
  `date` date DEFAULT NULL,
  `itemno` int(11) DEFAULT NULL,
  PRIMARY KEY (`id`)
) ENGINE=InnoDB AUTO_INCREMENT=122 DEFAULT CHARSET=latin1;
/*!40101 SET character_set_client = @saved_cs_client */;

--
-- Dumping data for table `pcic_stockinventory`
--

LOCK TABLES `pcic_stockinventory` WRITE;
/*!40000 ALTER TABLE `pcic_stockinventory` DISABLE KEYS */;
INSERT INTO `pcic_stockinventory` VALUES (18,'Bondpaper A4 S-20',100,107.35,10735,30,107.35,3220.5,100,107.35,10735,'2014-05-02',71),(19,'Bondpaper Long S-21',100,116.6,11660,30,116.6,3498,100,116.6,11660,'2014-05-02',4),(20,'Energizer Battery AA',3,20.15,60.45,3,20.15,60.45,3,20.15,60.45,'2014-05-02',5),(21,'Ethyl Alcohol 70%',12,40.1,481.2,12,40.1,481.2,12,40.1,481.2,'2014-05-02',6),(22,'Typewriter Ribbon',12,16.9,202.8,8,16.9,135.2,12,16.9,202.8,'2014-05-06',23),(23,'Tissue Paper 2 ply',12,76.1,913.2,6,76.1,456.6,12,76.1,913.2,'2014-05-06',22),(24,'Scotch tape 1',12,18.2,218.4,9,18.2,163.8,12,18.2,218.4,'2014-05-06',20),(25,'Ruler',12,3.3,39.6,6,3.3,19.8,12,3.3,39.6,'2014-05-06',18),(26,'Official Record Book 300 Pages',24,54.5,1308,8,54.5,436,24,54.5,1308,'2014-05-06',11),(27,'Masking Tape 2',12,107.95,1295.4,3,107.95,323.85,12,107.95,1295.4,'2014-05-06',9),(28,'Film Carbon Paper-black (Gold International) - Leg',5,304.85,1524.25,1,304.85,304.85,5,304.85,1524.25,'2014-05-06',7),(29,'Bondpaper Long S-21',100,116.6,11660,35,116.6,4081,70,116.6,8162,'2014-05-06',4),(30,'Bondpaper A4 S-20',100,107.35,10735,35,107.35,3757.25,70,107.35,7514.5,'2014-05-06',71),(31,'Yellow pad',2,18.35,36.7,2,18.35,36.7,2,18.35,36.7,'2014-05-20',24),(32,'Bondpaper Long S-21',100,116.6,11660,35,116.6,4081,35,116.6,4081,'2014-05-20',4),(33,'Film Carbon Paper-black (Gold International) - Leg',5,304.85,1524.25,2,304.85,609.7,4,304.85,1219.4,'2014-05-20',7),(34,'Masking Tape 2',12,107.95,1295.4,6,107.95,647.7,9,107.95,971.55,'2014-05-20',9),(35,'Official Record Book 300 Pages',24,54.5,1308,6,54.5,327,16,54.5,872,'2014-05-20',11),(36,'Pencil - Mongol No.2',3,25,75,1,25,25,3,25,75,'2014-05-20',14),(37,'Packing Tape 2',12,34.9,418.8,6,34.9,209.4,12,34.9,418.8,'2014-05-20',17),(38,'Ruler',12,3.3,39.6,6,3.3,19.8,6,3.3,19.8,'2014-05-20',18),(39,'Scissor',3,16.35,49.05,3,16.35,49.05,3,16.35,49.05,'2014-05-20',19),(40,'Scotch tape 1',12,18.2,218.4,3,18.2,54.6,3,18.2,54.6,'2014-05-20',20),(41,'Tissue Paper 2 ply',12,76.1,913.2,6,76.1,456.6,6,76.1,456.6,'2014-05-20',22),(42,'Typewriter Ribbon',12,16.9,202.8,4,16.9,67.6,4,16.9,67.6,'2014-05-20',23),(43,'Bondpaper A4 S-20',100,107.35,10735,35,107.35,3757.25,35,107.35,3757.25,'2014-05-20',71),(44,'Paper Fastener Jumbo',3,68.55,205.65,1,68.55,68.55,3,68.55,205.65,'2014-06-06',13),(45,'Official Record Book 300 Pages',24,54.5,1308,2,54.5,109,10,54.5,545,'2014-07-02',11),(46,'Official Record Book 300 Pages',24,54.5,1308,1,54.5,54.5,8,54.5,436,'2014-08-05',11),(47,'Folder Long 14 PTS',1000,4,4000,6,4,24,1000,4,4000,'2014-08-05',51),(48,'Official Record Book 300 Pages',24,54.5,1308,1,54.5,54.5,7,54.5,381.5,'2014-08-05',11),(49,'Pentel Pen Pilot (Black)',12,12.75,153,1,12.75,12.75,12,12.75,153,'2014-07-02',15),(50,'Expanding Envelope - Green',150,12,1800,10,12,120,150,12,1800,'2014-09-09',49),(51,'Folder Long 14 PTS',1000,4,4000,100,4,400,994,4,3976,'2014-09-22',51),(52,'My Gel Pen Refill - Black',120,15,1800,1,15,15,120,15,1800,'2014-09-22',59),(53,'Expanding Envelope - Green',150,12,1800,12,12,144,140,12,1680,'2014-09-22',49),(54,'Packing Tape 2',12,34.9,418.8,2,34.9,69.8,6,34.9,209.4,'2014-09-30',17),(55,'Paper Fastener Jumbo',3,68.55,205.65,1,68.55,68.55,2,68.55,137.1,'2014-09-30',13),(56,'Max Stapler Small',15,55,825,1,55,55,15,55,825,'2014-10-02',58),(57,'Folder Long 14 PTS',1000,4,4000,10,4,40,894,4,3576,'2014-10-02',51),(58,'Casio Bussiness Calculator(12 Digit)',18,300,5400,1,300,300,18,300,5400,'2014-10-02',61),(59,'Expanding Envelope - Red',150,12,1800,10,12,120,150,12,1800,'2014-10-02',50),(60,'Plastic Envelope',3,90,270,3,90,270,3,90,270,'2014-10-08',64),(61,'Expanding Envelope - Green',150,12,1800,100,12,1200,128,12,1536,'2014-10-08',49),(62,'Bundy Card Ribbon Max(ER1500)',5,800,4000,5,800,4000,5,800,4000,'2014-10-08',48),(63,'Brown Envelope - Short',100,1.5,150,30,1.5,45,100,1.5,150,'2014-10-08',47),(64,'Brown Envelope - long',100,1.8,180,30,1.8,54,100,1.8,180,'2014-10-08',46),(65,'Folder Long 14 PTS',1000,4,4000,12,4,48,884,4,3536,'2014-10-08',51),(66,'Casio Bussiness Calculator(12 Digit)',18,300,5400,6,300,1800,17,300,5100,'2014-10-09',61),(67,'Brown Envelope - Short',100,1.5,150,35,1.5,52.5,70,1.5,105,'2014-10-09',47),(68,'Expanding Envelope - Red',150,12,1800,100,12,1200,140,12,1680,'2014-10-09',50),(69,'Max Heavy Duty puncher',8,150,1200,3,150,450,8,150,1200,'2014-10-09',56),(70,'Folder Long 14 PTS',1000,4,4000,400,4,1600,872,4,3488,'2014-10-09',51),(71,'Max Stapler Small',15,55,825,5,55,275,14,55,770,'2014-10-09',58),(72,'My Gel Pen Refill - Black',120,15,1800,48,15,720,119,15,1785,'2014-10-09',59),(73,'My Gel Pen Refill - Blue',120,15,1800,48,15,720,120,15,1800,'2014-10-09',60),(74,'Paper Clip Jumbo',30,18,540,10,18,180,30,18,540,'2014-10-09',62),(75,'Brown Envelope - long',100,1.8,180,35,1.8,63,70,1.8,126,'2014-10-09',46),(76,'Max Stapler Big',8,265,2120,3,265,795,8,265,2120,'2014-10-02',57),(77,'Pentel Pen Pilot (Black)',12,12.75,153,1,12.75,12.75,11,12.75,140.25,'2014-10-15',15),(78,'Packing Tape 2',12,34.9,418.8,2,34.9,69.8,4,34.9,139.6,'2014-10-15',17),(79,'Folder Long 14 PTS',1000,4,4000,30,4,120,472,4,1888,'2014-10-15',51),(80,'My Gel Pen Refill - Black',120,15,1800,48,15,720,71,15,1065,'2014-10-22',59),(81,'Max Stapler Small',15,55,825,5,55,275,9,55,495,'2014-10-22',58),(82,'Max Stapler Big',8,265,2120,5,265,1325,5,265,1325,'2014-10-22',57),(83,'Max Heavy Duty puncher',8,150,1200,3,150,450,5,150,750,'2014-10-22',56),(84,'HP Ink Deskjet 1515 Colored',10,396,3960,3,396,1188,10,396,3960,'2014-10-22',55),(85,'HP Ink Deskjet 1515 Black',10,396,3960,3,396,1188,10,396,3960,'2014-10-22',54),(86,'HP Ink Advantage 2515 Colored',10,396,3960,3,396,1188,10,396,3960,'2014-10-22',53),(87,'HP Ink Advantage 2515 Black',10,396,3960,3,396,1188,10,396,3960,'2014-10-22',52),(88,'Pentel Pen Pilot (Black)',12,12.75,153,2,12.75,25.5,10,12.75,127.5,'2014-10-23',15),(89,'Folder Long 14 PTS',1000,4,4000,24,4,96,442,4,1768,'2014-10-23',51),(90,'Paper Clip Jumbo',30,18,540,7,18,126,20,18,360,'2014-10-23',62),(91,'Paper Clip Jumbo',3,12.85,38.55,3,12.85,38.55,3,12.85,38.55,'2014-10-23',12),(92,'Brown Envelope - Short',100,1.5,150,35,1.5,52.5,35,1.5,52.5,'2014-10-24',47),(93,'Brown Envelope - long',100,1.8,180,35,1.8,63,35,1.8,63,'2014-10-24',46),(94,'Plastic Ruler (Transparent)',18,6,108,8,6,48,18,6,108,'2014-10-24',63),(95,'Folder Long 14 PTS',1000,4,4000,418,4,1672,418,4,1672,'2014-10-24',51),(96,'HP Ink Advantage 2515 Black',10,396,3960,4,396,1584,7,396,2772,'2014-10-24',52),(97,'HP Ink Advantage 2515 Colored',10,396,3960,4,396,1584,7,396,2772,'2014-10-24',53),(98,'HP Ink Deskjet 1515 Black',10,396,3960,4,396,1584,7,396,2772,'2014-10-24',54),(99,'HP Ink Deskjet 1515 Colored',10,396,3960,6,396,2376,7,396,2772,'2014-10-24',55),(100,'Casio Bussiness Calculator(12 Digit)',18,300,5400,6,300,1800,11,300,3300,'2014-10-24',61),(101,'Paper Clip Jumbo',30,18,540,10,18,180,13,18,234,'2014-10-24',62),(102,'Plastic Ruler (Transparent)',18,6,108,10,6,60,10,6,60,'2014-10-29',63),(103,'HP Ink Advantage 2515 Black',10,396,3960,3,396,1188,3,396,1188,'2014-10-29',52),(104,'HP Ink Advantage 2515 Colored',10,396,3960,3,396,1188,3,396,1188,'2014-10-29',53),(105,'HP Ink Deskjet 1515 Black',10,396,3960,3,396,1188,3,396,1188,'2014-10-29',54),(106,'HP Ink Deskjet 1515 Colored',10,396,3960,1,396,396,1,396,396,'2014-10-29',55),(107,'Max Heavy Duty puncher',8,150,1200,2,150,300,2,150,300,'2014-10-29',56),(108,'Max Stapler Small',15,55,825,4,55,220,4,55,220,'2014-10-29',58),(109,'My Gel Pen Refill - Black',120,15,1800,23,15,345,23,15,345,'2014-10-29',59),(110,'My Gel Pen Refill - Blue',120,15,1800,72,15,1080,72,15,1080,'2014-10-29',60),(111,'Casio Bussiness Calculator(12 Digit)',18,300,5400,5,300,1500,5,300,1500,'2014-10-29',61),(112,'Film Carbon Paper-black (Gold International) - Leg',5,304.85,1524.25,2,304.85,609.7,2,304.85,609.7,'2014-11-05',7),(113,'Paper Clip Jumbo',30,18,540,1,18,18,3,18,54,'2014-11-05',62),(114,'Official Record Book 300 Pages',24,54.5,1308,3,54.5,163.5,6,54.5,327,'2014-11-05',11),(115,'Pentel Pen Pilot (Black)',12,12.75,153,1,12.75,12.75,8,12.75,102,'2014-11-05',15),(116,'Expanding Envelope - Red',150,12,1800,40,12,480,40,12,480,'2014-11-19',50),(117,'Pentel Pen Pilot (Black)',12,12.75,153,2,12.75,25.5,7,12.75,89.25,'2014-11-21',15),(118,'Paper Clip Jumbo',30,18,540,1,18,18,2,18,36,'2014-11-21',62),(119,'Expanding Envelope - Green',150,12,1800,10,12,120,28,12,336,'2014-11-21',49),(120,'Paper Clip Jumbo',30,18,540,1,18,18,1,18,18,'2014-12-02',62),(121,'Paper Fastener Jumbo',3,68.55,205.65,1,68.55,68.55,1,68.55,68.55,'2014-12-02',13);
/*!40000 ALTER TABLE `pcic_stockinventory` ENABLE KEYS */;
UNLOCK TABLES;

--
-- Table structure for table `upload`
--

DROP TABLE IF EXISTS `upload`;
/*!40101 SET @saved_cs_client     = @@character_set_client */;
/*!40101 SET character_set_client = utf8 */;
CREATE TABLE `upload` (
  `id` int(11) NOT NULL AUTO_INCREMENT,
  `name` varchar(30) NOT NULL,
  `dep` varchar(11) DEFAULT NULL,
  `type` varchar(30) NOT NULL,
  `size` int(11) NOT NULL,
  `content` longblob NOT NULL,
  `timestamp` timestamp NOT NULL DEFAULT CURRENT_TIMESTAMP ON UPDATE CURRENT_TIMESTAMP,
  PRIMARY KEY (`id`)
) ENGINE=InnoDB AUTO_INCREMENT=2 DEFAULT CHARSET=latin1;
/*!40101 SET character_set_client = @saved_cs_client */;

--
-- Dumping data for table `upload`
--

LOCK TABLES `upload` WRITE;
/*!40000 ALTER TABLE `upload` DISABLE KEYS */;
INSERT INTO `upload` VALUES (1,'Project Proposal Template.doc','AFD','application/msword',31232,'\Z\0\0\0\0\0\0\0\0\0\0\0\0\0\0\0\0>\0\0	\0\0\0\0\0\0\0\0\0\0\0\0\0\0\08\0\0\0\0\0\0\0\0\0\0:\0\0\0\0\0\0\0\0\0\07\0\0\0\0Y	\0\0\0\0\0\0\0\0\0\0\0\0\0\0\0\0\0\0bjbj[[\0\0\0\0\0\0\0\0\0\0\0\0\0\0\0\0\0\0	\04\0\09\n\\9\n\\\0\0\0\0\0\0\0\0\0\0\0\0\0\0\0\0\0\0\0\0\0\0\0\0\0\0\0\0\0\0\0\0\0\0\0\0\0\0\0\0\0\0\0\0\0\0\0\0\0\0\0\0\0\0\0\0\0\0\0\0\0\0\0\0\0\0\0\0\0	\0\0\0\0\0\0	\0\0z\0\0\0\0\0\0z\0\0\0\0\0\0z\0\0\0\0\0\0z\0\0\0\0\0\0z\0\0\0\0\0\0\0\0\0\0\0\0\0\0\0\0\0\0\0\0\0\0\0\0\0\0\0\0\0\0\08\0\0\0\0\0\0\0\0\0\0\0\0\0\0\0\0\0\0\0N)\0\0\0\0\0\0\0\0\0\0\0\0\0\0\0\0\0\0\0\0\0\0\0\0\0\0\0\0\0\0\0\0\0\0\0\0\0\0\0\0\0\0\0\0\0\0\0\0\0\0\0\0(\0\0\0\0\0(\0\0\0\0\0\0(\0\0\0\0\0\0(\0\0\0\0\0\0(\0\0\0\0\0\0(\0\0\0\0\0\0(\0\0$\0\0\0*\0\0\0\0-\0\0\0\0\0(\0\0\0\0\0\0\0\0\0\0\0\0\0\0\0\0\0\0\0\0\0z\0\0\0\0\0\0\0\0\0\0\0\0\0\0\0\0\0\0\0\0\0\0\0\0\0\0\0\0\0\0\0\0\0\0\0\0\0\0\0\0\0\0\0\0\0\0\0\0\0\0\0\0(\0\0\0\0\0\0\0\0\0\0\0\0\0\0z\0\0\0\0\0\0z\0\0\0\0\0\0\0\0\0\0\0\0\0\0\0\0\0\0\0\0\0\0\0\0\0)\0\0\0\0\0\0\0\0\0\0\0\0\0\0\0\0\0\0\0\0\0\0\0\0\0j\0\0\0z\0\0\0\0\0\0\0\0\0\0\0\0z\0\0\0\0\0\0\0\0\0\0\0\0(\0\0\0\0\0\0\0\0\0\0\0\0\0\0\0\0\0\0\0\0\0\0\0\0\0\0\0\0\0\0\0\0\0\0\0\0\0\0\0\0\0\0\0\0\0\0\0\0\0\0\0\0\0\0\0\0\0\0\0\0\0\0\0\0\0\0\0\0\0\0\0\0\0\0(\0\0\0\0\0\0\0\0\0\0\0\0\0\0\0\0\0\0\0\0\0\0\0\0\0&\0\0|\0\0\0\0\0\0\0\0\0\0\0\0\0\0\0\0\0\0\0\0\0\0\0\0\0\0\0\0\0\0\0\0\0\0\0\0\0\0\0\0\0\0\0\0\0\0\0\0\0\0\0\0\0\0\0\0\0\0\0\0\0\0\0\0\0\0\0\0\0\0\0\0\0\0\0[\'\0\0\0\0\0\0\0\0\0\0\0\0\0\0\0\0 hi\0\0\0\0\0\0\0\0\0\0\0\0O\0\0F\0\0\0&\0\0\0\0\0\0\0\0\0\0\0\0\0(\0\0\0\0\0)\0\00\0\0\0N)\0\0\0\0\0\0&\0\0\0\0\0`.\0\0\0\0\0\0\0\0|\0\0\0`.\0\0$\0\0\0[\'\0\0\0\0\0\0\0\0\0\0\0\0\0\0\0\0\0\0\0\0\0\0\0\0\0\0\0\0\0\0\0\0\0\0\0\0\0\0\0\0\0\0\0\0\0\0\0\0\0\0\0\0\0\0\0\0\0\0\0\0\0\0\0\0\0\0\0\0\0\0[\'\0\0&\0\0\0`.\0\0\0\0\0\0\0\0\0\0\0\0\0\0z\0\0\0\0\0\0\'\0\08\0\0\0\0\0\0\0\0\0\0\0\0\0\0\0\0\0\0\0\0\0\0\0\0\0\0\0\0\0\0\0\0\0\0\0\0\0\0\0\0\0\0\0\0\0\0\0\0\0\0\0\0\0\0\0\0\0\0\0\0\0\0\0\0\0\0\0\0\0\0\0\0\0\0\0\0\0\0\0\0\0\0(\0\0\0\0\0\0(\0\0\0\0\0\0\0\0\0\0\0\0\0\0\0\0\0\0\0\0\0\0\0\0\0\0\0\0\0\0\0\0\0\0\0\0\0\0\0\0\0\0\0\0\0\0\0\0\0\0\0\0\0\0\0\0\0\0\0\0\0\0\0\0\0\0\0\0\0\0\0\0\0\0\0\0\0\0\0\0\0\0\0\0\0\0\0\0\0\0\0\0\0\0N)\0\0\0\0\0\0\0\0\0\0\0\0\0\0\0\0\0\0\0\0\0\0\0\0\0\0\0\0\0\0\0\0\0\0\0\0\0\0\0\0\0\0\0\0\0\0\0\0\0\0\0\0\0\0\0\0\0\0\0\0\0\0\0\0\0\0\0\0\0\0\0\0\0\0\0\0\0\0\0\0\0\0\0\0\0\0\0\0\0\0\0\0\0\0\0\0\0\0\0\0\0\0\0\0\0\0\0\0\0\0\0\0\0\0`.\0\0\0\0\0\0\0\0\0\0\0\0\0\0\0\0\0\0\0\0\0\0\0\0\0\0\0\0\0\0\0\0\0\0\0\0\0\0\0\0\0\0\0\0\0\0\0\0\0\0\0\0\0\0\0\0\0\0\0\0\0\0\0\0\0\0\0\0\0\0\0\0\0\0\0\0\0\0\0\0\0\0\0\0\0\0\0\0\0\0\0\0\0\0\0\0\0\0\0\0\0\0\0\0\0\0\0\0\0\0\0\0\0\0\0\0	\0\0>\0\0@\0\0:\0\0\0\0\0	4\0\0\0\0\0\0\0\0\0\0\0\0\0\0\0\0\0\0\0\0\0\0\0\0\0\0\0\0\0\0\0\0\0\0\0\0\0\0\0\0\0\0\0\0\0\0\0\0\0\0\0\0\0\0\0\0\0\0\0\0\0\0\0\0\0\0\0\0\0\0\0\0\0\0\0\0\0\0\0\0\0\0\0\0\0\0\0\0\0\0\0\0\0\0\0\0\0\0\0\0\0\0\0\0\0\0\0\0\0\0\0\0\0\0\0\0\0\0\0\0\0\0\0\0\0\0\0\0\0\0\0\0\0\0\0\0\0\0\0\0\0\0\0\0\0\0\0\0\0\0\0\0\0\0\0\0\0\0\0\0\0\0\0\0\0\0\0\0\0\0\0\0\0\0\0\0\0\0\0\0\0\0\0\0\0\0\0\0\0\0\0\0\0\0\0\0\0\0\0\0\0\0\0\0\0\0\0\0\0\0\0\0\0\0\0\0\0\0\0\0\0\0\0\0\0\0\0\0\0\0\0\0\0\0\0\0\0\0\0\0\0\0\0\0\0\0\0\0\0\0\0\0\0\0\0\0\0\0\0\0\0\0\0\0\0\0\0\0\0\0\0\0\0\0\0\0\0\0\0\0\0\0\0\0\0\0\0\0\0\0\0\0\0\0\0\0\0\0\0\0\0\0\0\0\0\0\0\0\0\0\0\0\0\0\0\0\0\0\0\0\0\0\0\0\0\0\0\0\0\0\0\0\0\0\0\0\0\0\0\0\0\0\0\0\0\0\0\0\0\0\0\0\0\0\0\0\0\0\0\0\0\0\0\0\0\0\0\0\0\0\0\0\0\0\0\0\0\0\0\0\0\0\0\0\0\0\0\0\0\0\0\0\0\0\0\0\0\0\0\0\0\0\0\0\0\0\0\0\0\0\0\0\0\0\0\0\0\0\0\0\0\0Introduction Inventory is basically the total amount of goods and materials held in stock by a factory, store and other business. An inventory system is a process whereby a business keeps track of the goods and material has available. Todays competitive environment is factoring companies to optimize the procurement processes and inventory levels while at the same time ensure accuracy of controls and implementation of standard procedures for the flow of materials. However, in the absence of appropriate systems and information infrastructure, companies are finding it difficult to achieve smooth and efficient.\rRationale\rSome of existing system is manual to keep transaction record of the inventory in the Department of inventory. People still prefer to follow the manual method to keep the record of stock purchase, inventory. Etc. Following this method is very time consuming and tedious. It has many drawbacks as there may be mistakes while recording large data and this may disrupt the important transaction. In this project we are trying to make inventory management system which will help employees to keep record of inventories in systematic way and help them produce report currently available In their  department in automatic way to help them decision making about the stock etc.\rObjectives\rObjectives of the project is to develop inventory management system for department of inventory.\rEnsure efficient and timely identification of vital corporate\rTo provide inventory system access to all necessary personnel\rTo provide a full range of reports that will satisfy informational requirements.\rDevelop an automated system that will be able to record, store, retrieve and generate reports of inventory useful to management indecision making.\rMethodology1.Collect data\rMeet the staff (inventory personnel, information technology.) and get the details they are using for their manual work of inventory management.\r2. Discuss with the group\r	2.1 Discuss about the project work as ordering the collected information, creating database tables, ER diagrams, etc.\r3. Talk with the proper person\r	3.1 Talk with the staff (inventory personnel) to know about their requirements. \r\r\r\r\r\r\r\r\r\rDominico S. Gamon\rRegional Director\rPhilippine Crop Insurance Corporation\rJune 27, 2016\rInventory Management System - IMS\r\r\r\r\r\r\0\0\0\0\0\0\0\0\0\0\0\0\0\0\0\0\0\0\0\0\0\0\0\0\0\0\0\0\0\0\0\0\0\0\0\0\0\0\0\0\0\0\0\0\0\0\0\0\0\0\0\0\0\0\0\0\0\0\0\0\0\0\0\0\0\0\0\0\0\0\0\0\0\0\0\0\0\0\0\0\0\0\0\0\0\0\0\0\0\0\0\0\0\0\0\0\0\0\0\0\0\0\0\0\0\0\0\0\0\0\0\0\0\0\0\0\0\0\0\0\0\0\0\0\0\0\0\0\0\0\0\0\0\0\0\0\0\0\0\0\0\0\0\0\0\0\0\0\0\0\0\0\0\0\0\0\0\0\0\0\0\0\0\0\0\0\0\0\0\0\0\0\0\0\0\0\0\0\0\0\0\0\0\0\0\0\0\0\0\0\0\0\0\0\0\0\0\0\0\0\0\0\0\0\0\0\0\0\0\0\0\0\0\0\0\0\0\0\0\0\0\0\0\0\0\0\0\0\0\0\0\0\0\0\0\0\0\r\0\0\0\0\0\0i\n\0\0j\n\0\0s\n\0\0t\n\0\0\n\0\0\n\0\0%\0\0\r\0\0\r\0\0\r\0\0\r\0\0\r\0\0wk_kSD/\0\0\0\0\0\0\0\0\0\0(h>O\0hw\05B*CJ\0aJ\0mH	ph\0\0\0\0sH	\0h>O\0hM\0CJ\0aJ\0mH	sH	\0h&3 \0CJ\0aJ\0mH	sH	\0h&\0CJ\0aJ\0mH	sH	\0h>O\0CJ\0aJ\0mH	sH	\0h>O\05CJ\0aJ\0mH	sH	h>O\0h>O\05CJ\0aJ\0mH	sH	h>O\0hb9\0CJ\0aJ\0mH	sH	\0h>O\0h>O\0CJ\0aJ\0mH	sH	\0h>O\0hh\0CJ\0aJ\0mH	sH	\0(h>O\0hM\05B*CJ\0aJ\0mH	ph\0\0\0\0sH	\0(h>O\0h>O\05B*CJ\0aJ\0mH	ph\0\0\0\0sH	\0(h>O\0hj4\05B*CJ\0aJ\0mH	ph\0\0\0\0sH	\0\0\0j\n\0\0t\n\0\0\r\0\0\r\0\0~\r\0\0\r\0\0\r\0\0K\0\0\0\0\0\0\0\0\0\0\0\0:\0\0\0\0\0\0\0\0\0\0\0\0\0\0\0\0\0\0\0\0\0\0\0\0\0\0\0\0\0\0\0\0\0\0\0\0\0\0\0\0\0\0\0\0\0\0\0\0\0\0\0\0\0\0\0\0\0\0\0\0\0\0\0\0\0\0\0\0\0\0\0\0\0\0\0\0\0\0\0\0\0\0\0\0\0\0\0\0\0\0\0\0\0\0\0\0\0\0\0\0\0\0\0\0\0\0\0\0\0\0\0\0\0\0\0\0\0\0\0\0\0\0\0\0\0\0\0\0\0\0\0\0\0\0\0\0\0\0\0\0\0\0\0\0\0\0\0\0\0\0\0\0\0\0\0\0\0\0\0\0\0\0\0\0\0\0\0\0\0\0\0\0\0\0\0\0\0\0\0\0\0\0\0\0\0\0\0\0\0\0\0\0\0\0\0\0\0\0\0\0\0\0\0\0\0\0\0\0\0\0\0\0\0\0\0\0\0\0\0\0\0\0\0\0\0\0\0\0\0\0\0\0\0\0\0\0\0\0\0\0\0\0\0\0\0\0\0\0\0\0\0\0\0\0\0\0\0\0\0\0\0\0\0\0\0\0\0\0\0\0\0\0\0\0\0\0\0\0\0\0\0\0\0\0\0\0\0\0\0\0\0\0\0\0\0\0\0\0\0\0\0\0\0\0\0\0\0	\0\0d\0\0\0\0gd\r\0\0$\n&F\0a$gd&3 \0\0\0$\0\0^\0\0a$gd&3 \0\0$\n&\0F\0a$gd&3 \0\0\0\0$a$gd&3 \0\0\r\0\0}\r\0\0\r\0\0\r\0\0\r\0\0\r\0\0J\0\0K\0\0\0\0\0\0\0\0\0\0\0\0\0\0\0\0\0\0\0\0\0\0\0\0\0\0\0\0\0\0\0\0\0\0\0\0\0\0ufuWOKOKOKOKB\0\0\0h>O\05mH	sH	h3 \0\0j\0\0\0\0h3 \0Uh&3 \0hM\0CJ\0aJ\0mH	sH	\0h>O\0hs\0CJ\0aJ\0mH	sH	\0h>O\0hJw\0CJ\0aJ\0mH	sH	\0h>O\0hh\0CJ\0aJ\0mH	sH	\0h>O\0hJw\05CJ\0aJ\0mH	sH	h>O\0hv3\05CJ\0aJ\0mH	sH	(h>O\0hb9\05B*CJ\0aJ\0mH	ph\0\0\0\0sH	\0(h>O\0hw\05B*CJ\0aJ\0mH	ph\0\0\0\0sH	\0h>O\0hb9\0CJ\0aJ\0mH	sH	\0%h>O\0hb9\0B*CJ\0aJ\0mH	ph\0\0\0\0sH	\0\0\0\0\0\0\0\0\0\0\0\0\0\0\0\0\0\0\0\0\0\0\0\0\0\0\0\0\0\0\0\0\0\0\0\0\0\0\0\0\0\0\0\0\0\0\0\0\0\0\0\0\0\0\0\0\0\0\0\0\0\0\0\0\0\0\0\0\0\0\0\0\0\0\0\0\0\0\0\0\0\0\0\0\0\0\0\0\0\0\0\0\0\0\0\0\0\0\0\0\0\0\0\0\0\0\0\0\0\0\0\0\0\0\0\0\0\0\0\0\0\0\0\0\0\0\0\0\0\0\0\0\0\0\0\0\0\0\0\0\0\0\0\0\0\0\0\0\0\0\0\0\0\0\0\0\0\0\0\0\0\0\0\0\0\0\0\0\0\0\0\0\0\0\0\0\0\0\0\0\0\0\0\0\0\0\0\0\0\0\0\0\0\0\0\0\0\0\0\0\0\0\0\0\0\0\0\0\0\0\0\0\0\0\0\0\0\0\0\0\0\0\0\0\0\0\0\0\0\0\0\0\0\0\0\0\0\0\0\0\0\0\0\0\0\0\0\0\0\0\0\0\0\0\0\0\0\0\0\0\0\0\0\0\0\0\0\0\0\0\0\0\0\0\0\0\0\0\0\0\0\0\0\0\0\0\0\0\0\0\0\0\0\0\0\0\0\0\0\0\0\0\0\0\0\0\0\0\0\0\0\0\0\0\0\0\0\0\0\0\0\0\0\0\0\0\0\0\0\0\0\0\0\0\0\0\0\0\0\0\0\0\0\0\0\0\0\0\0\0\0\0\0\0\0\0\0\0\0\0\0\0\0\0\0\0\0\0\0\0\0\0\0\0\0\0\0\0\0\0\0\0\0\0\0\0\0\0\0\0\0\0$\0\0^\0\0a$gd&3 \0\0\0\0\0\0$a$gd`~\0\0\0$a$gd(\0\0\0$a$gd(\0\0\0gd(\0\0\0\0\0\0\0\0\0\0\0\0\0\0\0\0\0\0\0\0\0\0\0\0\0\0\0\0\0\0\0\0\0\0\0\0\0\0\0\0\0\0\0\0\0\0\0\0\0\0\0\0\0\0\0\0\0\0\0\0\0\0\0\0\0\0\0\0\0\0\0\0\0\0\0\0\0\0\0\0\0\0\0\0\0\0\0\0\0\0\0\0\0\0\0\0\0\0\0\0\0\0\0\0\0\0\0\0\0\0\0\0\0\0\0\0\0\0\0\0\0\0\0\0\0\0\0\0\0\0\0\0\0\0\0\0\0\0\0\0\0\0\0\0\0\0\0\0\0\0\0\0\0\0\0\0\0\0\0\0\0\0\0\0\0\0\0\0\0\0\0\0\0\0\0\0\0\0\0\0\0\0\0\0\0\0\0\0\0\0\0\0\0\0\0\0\0\0\0\0\0\0\0\0\0\0\0\0\0\0\0\0\0\0\0\0\0\0\0\0h&3 \0hM\0CJ\0aJ\0mH	sH	\0h3 \0\0!h&\0hM\0B*CJ\0mH	ph\0sH	hPcm\0\0(h3 \0h(\05B*CJ\0aJ\0mH	ph\0\0\0\0sH	\0(h3 \0hl\n\n\05B*CJ\0aJ\0mH	ph\0\0\0\0sH	\0h>O\05mH	sH	hl\n\n\05mH	sH	hl\n\n\0h(\05mH	sH	hl\n\n\0hl\n\n\05mH	sH	\02\01h:pv3\0. A!\"R#$%\0\0\0\0\0\0\0\0\0\0\0\0\0\0\0\0\0\0\0\0\0\0\0\0\0\0\0\0\0\0\0\0\0\0\0\0\0\0\0\0\0\0\0\0\0\0\0\0\0\0\0\0\0\0\0\0\0\0\0\0\0\0\0\0\0\0\0\0\0\0\0\0\0\0\0\0\0\0\0\0\0\0\0\0\0\0\0\0\0\0\0\0\0\0\0\0\0\0\0\0\0\0\0\0\0\0\0\0\0\0\0\0\0\0\0\0\0\0\0\0\0\0\0\0\0\0\0\0\0\0\0\0\0\0\0\0\0\0\0\0\0\0\0\0\0\0\0\0\0\0\0\0\0\0\0\0\0\0\0\0\0\0\0\0\0\0\0\0\0\0\0\0\0\0\0\0\0\0\0\0\0\0\0\0\0\0\0\0\0\0\0\0\0\0\0\0\0\0\0\0\0\0\0\0\0\0\0\0\0\0\0\0\0\0\0\0\0\0\0\0\0\0\0\0\0\0\0\0\0\0\0\0\0\0\0\0\0\0\0\0\0\0\0\0\0\0\0\0\0\0\0\0\0\0\0\0\0\0\0\0\0\0\0\0\0\0\0\0\0\0\0\0\0\0\0\0\0\0\0\0\0\0\0\0\0\0\0\0\0\0\0\0\0\0\0\0\0\0\0\0\0\0\0\0\0\0\0\0\0\0\0\0\0\0\0\0\0\0\0\0\0\0\0\0\0\0\0\0\0\0\0\0\0\0\0\0\0\0\0\0\0\0\0\0\0\0\0\0\0\0\0\0\0\0\0\0\0\0\0\0\0\0\0\0\0\0\0\0\0\0\0\0\0\0\0\0\0\0\0\0\0\0\0\0\0\0\0\0\0\0\0\0\0\0\0\0\0\0\0\0\0\0\0\0\0\0\0\0\0\0\0\0\0\0\0\0\0\0\0\0\0\0\0\0\0\0\0\0\0\0\0\0\0\0\0\0\0\0\0\0\0\0\0\0\0\0\0\0\0\0\0\0\0\0\0\0\0\0\0\0\0\0\n\0\0\0s\0\0\0\0\0\0\0\0\0\0\0\0\0\0\0\0\0\0\0\0\0\0\0\0\0\0\0\0\0\0\0\0\0\0\0\0\0\06\0\06\0\06\0\06\0\06\0\06\0\06\0\06\0\06\0\0v\0\0v\0\0v\0\0v\0\0v\0\0v\0\0v\0\0v\0\0v\0\06\0\06\0\06\0\06\0\06\0\06\0\0>\0\06\0\06\0\06\0\06\0\06\0\06\0\06\0\06\0\06\0\06\0\06\0\06\0\06\0\06\0\06\0\06\0\06\0\06\0\06\0\06\0\06\0\06\0\06\0\06\0\06\0\06\0\06\0\0\0\0\06\0\06\0\0\0\0\06\0\06\0\06\0\06\0\06\0\06\0\06\0\06\0\0\0\0\06\0\06\0\06\0\06\0\06\0\06\0\06\0\06\0\06\0\06\0\06\0\06\0\0h\0\0H\0\06\0\06\0\06\0\06\0\06\0\06\0\06\0\06\0\06\0\06\0\06\0\06\0\06\0\06\0\06\0\06\0\06\0\06\0\06\0\06\0\06\0\06\0\06\0\06\0\06\0\06\0\06\0\06\0\06\0\06\0\06\0\06\0\06\0\06\0\06\0\06\0\06\0\06\0\06\0\06\0\06\0\06\0\06\0\06\0\06\0\06\0\06\0\06\0\06\0\06\0\06\0\06\0\06\0\06\0\06\0\06\0\06\0\06\0\06\0\06\0\06\0\06\0\06\0\06\0\06\0\0\0\06\0\02\0\0\0\0\0\0\0\0\0\0\0\0\0\0\0\0\0\0 \0\00\0\0@\0\0P\0\0`\0\0p\0\0\0\0\0\0\0\0\0\0\0\0\0\0\0\0\0\0\02\0\0(\0\0\0\0\0\0 \0\00\0\0@\0\0P\0\0`\0\0p\0\0\0\0\0\0\0\0\0\0\0\0\0\0\0\0\0\0\0 \0\00\0\0@\0\0P\0\0`\0\0p\0\0\0\0\0\0\0\0\0\0\0\0\0\0\0\0\0\0\0 \0\00\0\0@\0\0P\0\0`\0\0p\0\0\0\0\0\0\0\0\0\0\0\0\0\0\0\0\0\0\0 \0\00\0\0@\0\0P\0\0`\0\0p\0\0\0\0\0\0\0\0\0\0\0\0\0\0\0\0\0\0\0 \0\00\0\0@\0\0P\0\0`\0\0p\0\0\0\0\0\0\0\0\0\0\0\0\0\0\0\0\0\0\0 \0\00\0\0@\0\0P\0\0`\0\0p\0\0\0\0\0\08\0\0X\0\0\0\0\0\0\0\0V\0\0~\0\0\0\0\0\0\0\0\0\0\0\0\0\0\0\0\0\0\0\0\0\0\0 \0\00\0\0@\0\0\0\0\0\0\0\0\0\0\0 \0\00\0\0@\0\0\0\0\0\0\0\0\0\0\0 \0\00\0\0@\0\0\0\0\0\0\0\0\0\0\0 \0\00\0\0@\0\0\0\0\0\0\0\0\0\0\0 \0\00\0\0@\0\0\0\0\0\0\0\0\0\0\0 \0\00\0\0@\0\0\0\0\0\0\0\0\0\0\0 \0\00\0\0@\0\0\0\0\0\0\0\0\0\0\0 \0\00\0\0@\0\0\0\0\0\0\0\0\0\0\0 \0\00\0\0@\0\0\0\0\0\0\0\0\0\0\0 \0\00\0\0@\0\0\0\0\0\0\0\0\0\0\0 \0\00\0\0@\0\0\0\0\0\0\0\0\0\0\0 \0\00\0\0@\0\0\0\0\0\0\0\0\0\0\0 \0\00\0\0@\0\0\0\0\0\0\0\0\0\0\0 \0\00\0\0@\0\0 \0\0\0OJ\0PJ\0QJ\0_HmH	4nH	4sH	4tH	4\0\0\0\0J\0\0`\0J\0\0\0h\0\0\0\0N\0o\0r\0m\0a\0l\0\0\0\0\0\0d\0\0\0CJ\0_HaJ\0mH\"sH\"tH	\0\0\0\0\0\0\0\0\0\0\0\0\0\0\0\0\0\0D\0A \0D\0\r\0\0\0\0\0\0\0\0D\0e\0f\0a\0u\0l\0t\0 \0P\0a\0r\0a\0g\0r\0a\0p\0h\0 \0F\0o\0n\0t\0\0\0\0\0R\0i\0\0R\0\r\0\0\0\0\0\00\0T\0a\0b\0l\0e\0 \0N\0o\0r\0m\0a\0l\0\0\0\0\0\04\0\nl\04\0\0\0a\0\0\0\0\0\0(\0k \0(\0\0\r\0\0\0\0\0\00\0N\0o\0 \0L\0i\0s\0t\0\0\0\0\0\0\0\0\0@\0@\0\0@\0\0\0h\0 \0L\0i\0s\0t\0 \0P\0a\0r\0a\0g\0r\0a\0p\0h\0\0\0	\0\0^m$\0\0\0t\0\0\0t\0\0\0\0\r\0\n\0T\0a\0b\0l\0e\0 \0G\0r\0i\0d\0\0\07\0:V\00\0\0\0\0\0\0\0\0\0\0\0\0\0\0\0\0\0\0\0\0\0\0\0\0\0\0\0\0\0\0\0\0\0d\0\0\0\0\0\0>\0@\0>\0\0\r\00\0H\0e\0a\0d\0e\0r\0\0\0\0\0d\0\0\0\0\0%\0\0\0.\0\0!.\0\0\0\r\00\0H\0e\0a\0d\0e\0r\0 \0C\0h\0a\0r\0\0\0\0\0>\0 @\02>\0\0\r\00\0F\0o\0o\0t\0e\0r\0\0\0\0\0d\0\0\0\0\0%\0\0\0.\0\0A.\0\0\0\r\00\0F\0o\0o\0t\0e\0r\0 \0C\0h\0a\0r\0\0\0\0\06\0U Q6\0\0\0M\00	\0H\0y\0p\0e\0r\0l\0i\0n\0k\0\0\0\0>*B*\0ph\0\0\0PK\0\0\0\0\0!\0\0\0\0\0\0\0\0\0[Content_Types].xmlN0EH-J@%|$ULTB l,3;rJB+$G]7OV\Z<a(7IR{pgL=r85v&uQ8CX=$?6NJCFB.\'.+YT^e55 _g -;Yl|6^N`?[\0\0\0PK\0\0\0\0\0!\0\0\0\06\0\0\0\0\0_rels/.relsj0}Q%v/C/}\0(h\"O\n= C?hv=%[xp{_P<1H0ORBdJE4b$q_6LR7`0O,En7Lib/Se\0\0\0PK\0\0\0\0\0!\0ky\0\0\0\0\0\0\0\0\0theme/theme/themeManager.xmlM\n @}w7c(Eb\0C\ZA7K\rY,\re.|,H,lxIsQ}# +!,^$j=GW)E+&\n8\0\0\0PK\0\0\0\0\0!\0R%\0\0\Z\0\0\0\0\0theme/theme/theme1.xmlY]F}/?;lMBql4F3	<\niC}CiH/6M!wF<c%d\r4:{IsNXp\n!xpop,\rw{e.;`pC!;<0pm	8M&QoDB]\'F1!vtp\Z.4IPaQ\"4qm0}:q\ZnAy0bfUL&lRJ3\0Tl:NS)\0\Za)Cv].\Zxys?@oE@){^x^R|e_-4^+PHI|.r\\m3g}[--PP\rYu),j-BXR$H8@I7E10\\(2?O4k!LE\Z|<zqO:2P<^O?uz\'_\\g+]x7s:>vnB`2,!\"E3p#9GQd;	H\rxuv  \00F[,FKsO\'3w#vfSVbsyX	p5veuw	1z@	l,i!b\rIjZ2|9L$Z15xl.(zm${d:\\@\'23ln$^-@^i?D&|#td!6lB\"&63yy@t!HjpU*yeXry3~{s:FXI\rO5Y[Y!}S.7bd|n]671.\rtn/w/+[t6}PssL.J;iN	$AI)t2Lm\Zx:(}\\-i*xQCJuWl\'QyI@\r	m2DBAR4	wnaQ`\rW=0#xBdT/.3-F>bYL%KK6HhfPQ=h)GBms]_\'CZys\rv@c])h7Jic?FS.NP$\re&\\+I \"\'%Q@c![paAV.\Z9Hd<HVX*%A{YrApxSL9\":3U5U\rNC(p%u@;[d`\Z4\Z)]t#9M4W=P5*flk<_X-CwT%}B% Y,]\rA&o;<Ye=:zxTV=Olp\r/gTpJ $\rEG,!\rAozAryerb/Ch,\"~|Eo|}o.\rYgJ^W____RV%W/79AkWjZuk* y_^Zk>\\lc`|,bUv\0\0\0PK\0\0\0\0\0!\0\r\0\0\0\0\0\'\0\0\0theme/theme/_rels/themeManager.xml.relsM\n0woo&5\r6?$Q\r,.aic21h\Z:qm@RN;d`o7gK(M&$R(.1r\'JT8V\"AHu}|$b{\0P8\Zg/]QAs(#L[\0\0\0\0PK-\0\0\0\0\0\0!\0\0\0\0\0\0\0\0\0\0\0\0\0\0\0\0\0\0\0\0\0\0\0[Content_Types].xmlPK-\0\0\0\0\0\0!\0\0\0\06\0\0\0\0\0\0\0\0\0\0\0\0\0\0\00\0\0_rels/.relsPK-\0\0\0\0\0\0!\0ky\0\0\0\0\0\0\0\0\0\0\0\0\0\0\0\0\0\0\0\0\0theme/theme/themeManager.xmlPK-\0\0\0\0\0\0!\0R%\0\0\Z\0\0\0\0\0\0\0\0\0\0\0\0\0\0\0\0\0theme/theme/theme1.xmlPK-\0\0\0\0\0\0!\0\r\0\0\0\0\0\'\0\0\0\0\0\0\0\0\0\0\0\0\0	\0\0theme/theme/_rels/themeManager.xml.relsPK\0\0\0\0\0\0]\0\0\n\0\0\0\0<?xml version=\"1.0\" encoding=\"UTF-8\" standalone=\"yes\"?>\r\n<a:clrMap xmlns:a=\"http://schemas.openxmlformats.org/drawingml/2006/main\" bg1=\"lt1\" tx1=\"dk1\" bg2=\"lt2\" tx2=\"dk2\" accent1=\"accent1\" accent2=\"accent2\" accent3=\"accent3\" accent4=\"accent4\" accent5=\"accent5\" accent6=\"accent6\" hlink=\"hlink\" folHlink=\"folHlink\"/>\0\0\0\0	\0\0\0\0\0\0\0\0\0\0\0\0\0\0\0\0\0\0\0\0\0	\0\0\0\0\0\0\0\0\0\0\0\0\0\0\0\0\0\0\0\0\0\0\0\0\0\0\0\0\0\0\0\0\0\r\0\0\0\0\0\0	\0\0\0\0\0\0\r\0\0\0\0\0\0\0\0\0\0\n\0\0\0\0\0\0\0\0L\0\0\0\0\0\0\0\0\0\0\0\0\0\0\0\0\0\0\0\0\0\0\0\0\0#\0\0\0\0\0\0\0\0\0\0\0\0@\0\0\0\0\0\0\0\0\0\0\0\0\0\0\0\0\0\0\0\0\0\0\0\0\0\0\00\0\0\0\0(\0\0\0\0	\0\0\0\0\0\0\0\0\0\0\0\0\0\0\0\0\0\0\0\0\n\0\0\0\0\0\0\0\0\0\0B\0\0\0\0\n\0\0\0\0\0\0\0\0S\0\0\0\0\0\0\0\0\0\0\0\0\0\0	\0\0\0?\0\0\0\0\0\0\0\0\0\0\0\0\0\0\0\0\0\0\0\0\0\0\0\0\0\0\0\0\0\0\0\0\0\0\0\0\0\0\0\0\0\0\0\0	\0\0	\0\0\0\0\0\0\0\0\0\0\0\0\0\0\0\0\0\0\0\0\0\0\0\0\0\0\0\0\0\0\0\0\0\0\0\0\0\0\0\0\0	\0\0	\0\0\0\0\0\0\0\0\0\0\0\0\0\0\0\0\0\0\0\0\0\0\0\0\0\0\0\0\0\0\0\0\0\0\0\0\0\0\0\0\0\0\0\0\0\0\0\0\0\0\0	\0\0	\0\0	\0\0\0\0\0\0\0\0\0\0\0\0\0\0\0\0\0\0\0\0\0\0\0<~\0\0\0ZL\0.\0e3\0+ee&6\0NVm\0\0\0\0\0\0\0\0\0\0\0\0\0\0\0\0\0\0\0\0\0\0\0\0\0h^h`o(\0\0\0\0\0\0\0\0\0\0\0\0\0\0\0\0\0\0\0\0\0\0\0\0\0\0\0,^,`o(\0\0\0\0.\0\0\0\0\0\0\0\0\0\0\0\0\0\0\0\0\0\0\0\0\0\0\0\0X0^X`0o(\0\0\0\0.\0\0.\0\0\0\0\0\0\0\0\0\0\0\0\0\0\0\0\0\0\0\0\0\0\00^`0o(\0\0\0\0.\0\0.\0\0.\0\0\0\0\0\0\0	\0\0\0\0\0\0\0\0\0\0\0\0\0\0\0H^H`o(\0	\0\0\0.\0\0.\0\0.\0\0.\0\0\0\0\0\0\0	\0\0\0\0\0\0\0\0\0\0\0\0\0\0^`o(\0\0\0\0.\0\0.\0\0.\0\0.\0\0.\0\0\0\0\0\0\0	\r\0\0\0\0\0\0\0\0\0\0\0\0\08`^8``o(\0\r\0\0\0.\0\0.\0\0.\0\0.\0\0.\0\0.\0\0\0\0\0\0\0	\r\0\0\0\0\0\0\0\0\0\0\0\0`^``o(\0\0\0\0.\0\0.\0\0.\0\0.\0\0.\0\0.\0\0.\0\0\0\0\0\0\0	\r\0\0\0\0\0\0\0\0\0\0\0`^``o(\0\0\0\0.\0\0.\0\0.\0\0.\0\0.\0\0.\0\0.\0\0.\0\0\0\0\0\0\0\0\0\0\0\0\0\0\0\0\0\0\0\0\0\0\0\0\0\0\0^`\0\0\0.\0\0\0\0\0\0\0\0\0\0\0\0\0\0\0\0\0\0\0\0\0\0\0\0^`\0\0.\0\0\0\0\0\0\0\0\0\0\0\0\0\0\0\0\0\0\0\0\0\0\0\0pL^p`L\0\0.\0\0\0\0\0\0\0\0\0\0\0\0\0\0\0\0\0\0\0\0\0\0\0\0\0@^@`\0\0.\0\0\0\0\0\0\0\0\0\0\0\0\0\0\0\0\0\0\0\0\0\0\0\0^`\0\0.\0\0\0\0\0\0\0\0\0\0\0\0\0\0\0\0\0\0\0\0\0\0\0\0L^`L\0\0.\0\0\0\0\0\0\0\0\0\0\0\0\0\0\0\0\0\0\0\0\0\0\0\0\0^`\0\0.\0\0\0\0\0\0\0\0\0\0\0\0\0\0\0\0\0\0\0\0\0\0\0\0^`\0\0.\0\0\0\0\0\0\0\0\0\0\0\0\0\0\0\0\0\0\0\0\0\0\0\0PL^P`L\0\0.\0\0\0\0\0\0\0\0\0\0\0\0\0\0\0\0\0\0\0\0\0\0\0\0\0\0^`\0\0\0.\0\0\0\0\0\0\0\0\0\0\0\0\0\0\0\0\0\0\0\0\0\0\0\0^`\0\0.\0\0\0\0\0\0\0\0\0\0\0\0\0\0\0\0\0\0\0\0\0\0\0\0pL^p`L\0\0.\0\0\0\0\0\0\0\0\0\0\0\0\0\0\0\0\0\0\0\0\0\0\0\0\0@^@`\0\0.\0\0\0\0\0\0\0\0\0\0\0\0\0\0\0\0\0\0\0\0\0\0\0\0^`\0\0.\0\0\0\0\0\0\0\0\0\0\0\0\0\0\0\0\0\0\0\0\0\0\0\0L^`L\0\0.\0\0\0\0\0\0\0\0\0\0\0\0\0\0\0\0\0\0\0\0\0\0\0\0\0^`\0\0.\0\0\0\0\0\0\0\0\0\0\0\0\0\0\0\0\0\0\0\0\0\0\0\0^`\0\0.\0\0\0\0\0\0\0\0\0\0\0\0\0\0\0\0\0\0\0\0\0\0\0\0PL^P`L\0\0.\0\0\0\0\0\0\0\0\0\0\0\0\0\0\0\0\0\0\0\0\0\0\0\0\0^`OJ\0QJ\0o(\0\0\0\0\0\0\0\0\0\0\0\0\0\0\0\0\0\0\0\0\0\0\0\0\0^`OJ\0QJ\0^J\0o(\0\0o\0\0\0\0\0\0\0\0\0\0\0\0\0\0\0\0\0\0\0\0\0\0\0\0p^p`OJ\0QJ\0o(\0\0\0\0\0\0\0\0\0\0\0\0\0\0\0\0\0\0\0\0\0\0\0\0\0@^@`OJ\0QJ\0o(\0\0\0\0\0\0\0\0\0\0\0\0\0\0\0\0\0\0\0\0\0\0\0\0\0^`OJ\0QJ\0^J\0o(\0\0o\0\0\0\0\0\0\0\0\0\0\0\0\0\0\0\0\0\0\0\0\0\0\0\0^`OJ\0QJ\0o(\0\0\0\0\0\0\0\0\0\0\0\0\0\0\0\0\0\0\0\0\0\0\0\0\0^`OJ\0QJ\0o(\0\0\0\0\0\0\0\0\0\0\0\0\0\0\0\0\0\0\0\0\0\0\0\0\0^`OJ\0QJ\0^J\0o(\0\0o\0\0\0\0\0\0\0\0\0\0\0\0\0\0\0\0\0\0\0\0\0\0\0\0P^P`OJ\0QJ\0o(\0\0\0\0\0\0\0\0\0\0\0\0\0\0\0\0\0\0\0\0\0\0\0\0\0\0h^h`CJ\0OJ\0QJ\0aJ\0o(\0\0\0\0\0\0\0\0\0\0\0\0\0\0\0\0\0\0\0\0\0\0\0\0\08^8`OJ\0QJ\0^J\0o(\0\0o\0\0\0\0\0\0\0\0\0\0\0\0\0\0\0\0\0\0\0\0\0\0\0\0^`OJ\0QJ\0o(\0\0\0\0\0\0\0\0\0\0\0\0\0\0\0\0\0\0\0\0\0\0\0\0\0	^	`OJ\0QJ\0o(\0\0\0\0\0\0\0\0\0\0\0\0\0\0\0\0\0\0\0\0\0\0\0\0\0^`OJ\0QJ\0^J\0o(\0\0o\0\0\0\0\0\0\0\0\0\0\0\0\0\0\0\0\0\0\0\0\0\0\0\0x^x`OJ\0QJ\0o(\0\0\0\0\0\0\0\0\0\0\0\0\0\0\0\0\0\0\0\0\0\0\0\0\0H^H`OJ\0QJ\0o(\0\0\0\0\0\0\0\0\0\0\0\0\0\0\0\0\0\0\0\0\0\0\0\0\0^`OJ\0QJ\0^J\0o(\0\0o\0\0\0\0\0\0\0\0\0\0\0\0\0\0\0\0\0\0\0\0\0\0\0\0^`OJ\0QJ\0o(\0\0\0\0\0\0\0\0\0\0\0\0\0\0\0\0\0\0\0\0\0\0\0\0\0\0h^h`CJ\0OJ\0QJ\0aJ\0o(\0\0\0\0\0\0\0\0\0\0\0\0\0\0\0\0\0\0\0\0\0\0\0\0\08^8`OJ\0QJ\0^J\0o(\0\0o\0\0\0\0\0\0\0\0\0\0\0\0\0\0\0\0\0\0\0\0\0\0\0\0^`OJ\0QJ\0o(\0\0\0\0\0\0\0\0\0\0\0\0\0\0\0\0\0\0\0\0\0\0\0\0\0	^	`OJ\0QJ\0o(\0\0\0\0\0\0\0\0\0\0\0\0\0\0\0\0\0\0\0\0\0\0\0\0\0^`OJ\0QJ\0^J\0o(\0\0o\0\0\0\0\0\0\0\0\0\0\0\0\0\0\0\0\0\0\0\0\0\0\0\0x^x`OJ\0QJ\0o(\0\0\0\0\0\0\0\0\0\0\0\0\0\0\0\0\0\0\0\0\0\0\0\0\0H^H`OJ\0QJ\0o(\0\0\0\0\0\0\0\0\0\0\0\0\0\0\0\0\0\0\0\0\0\0\0\0\0^`OJ\0QJ\0^J\0o(\0\0o\0\0\0\0\0\0\0\0\0\0\0\0\0\0\0\0\0\0\0\0\0\0\0\0^`OJ\0QJ\0o(\0\0\0\0\0e3\0\0\0\0\0\0\0\0\0\0\0\0.\0\0\0\0\0\0\0\0\0\0\0\0\0ZL\0\0\0\0\0\0\0\0\0\0\0\0+ee\0\0\0\0\0\0\0\0\0\0\0\0NVm\0\0\0\0\0\0\0\0\0\0\0\0<~\0\0\0\0\0\0\0\0\0\0\0\0\0\0\0\0\0\0\0\0\0\0\0\0\0\0\0\0\0\0\0\0\0\0\"\0\"\0\"\0\"\0\"\0\"\0\"\0\"\0\"\0\0\"\0\"\0\"\0\"\0\"\0\"\0\"\0\"\0\"\0\0\"\0\"\0\"\0\"\0\"\0\"\0\"\0\"\0\"\0%\0\"\0\"\0\"\0\"\0\"\0\"\0\"\0\"\0^#\0\"\0\"\0\"\0\"\0\"\0\"\0\"\0\"\00|\0\0\0\0\0\0\0\0\0\0\0\ZJ9\0\0\0\0\0\0\0\0\0\0\0H\0\0\0\0\0\0\0\0\0\0\0\0\0\0\0\0\0\0\0t\08\0\'\0l\n\n\0W`\0\r\0cg\0\0\0y\071\0M\03 \0&3 \0!-\0D~0\0b9\0lx=\0`C\0D\0eD\0F\0L=F\0\Z>H\0:gI\0X8L\0>O\0fQ\04qS\0ET\0U\05IV\0DY\0\"Z\0{1`\0#d\0h\0:Ki\0Pcm\0.v\0w\0Jw\0Y${\0`~\0&\0I\0h1\0M\0)\0U\0[\0H\0t\0%B\0J\0z\0(\0&\0.+\0a\0q\0`\0\0J\0s\0v3\0`b\0~c\0T\0j4\0S0\0M\0\0\0\0\0\0\0\0\0\0\0\0\0\0\0\0@\0\0\0\0\0\0\0\0\0\0\0\0\0\0\0\0\0\0\0\0\0\0\0\0\0\0\0\0\0\0	\0\0\0\0\0@\0\0\0\0\0\0U\0n\0k\0n\0o\0w\0n\0\0\0\0\0\0\0\0\0\0\0\0\0\0\0\0\0\0\0\0\0\0\0\0\0\0\0\0\0\0\0\0\0\0\0G\0\0.\0Cx\0	\0\0\0\0\0\0\0\0\0\0\0\0\0T\0i\0m\0e\0s\0 \0N\0e\0w\0 \0R\0o\0m\0a\0n\0\0\05\0\0\0\0\0\0\0\0\0\0\0\0\0\0\0\0\0\0\0\0\0\0\0S\0y\0m\0b\0o\0l\0\0\03.\0\0.\0Cx\0	\0\0\0\0\0\0\0\0\0\0\0\0\0A\0r\0i\0a\0l\0\0\07.\0\0\0\0@\0\0\0\0\0\0\0\0\0\0\0\0\0C\0a\0l\0i\0b\0r\0i\0\0\0?=\0\0	.\0Cx\0	\0\0\0\0\0\0\0\0\0\0\0\0\0C\0o\0u\0r\0i\0e\0r\0 \0N\0e\0w\0\0\0;\0\0\0\0\0\0\0\0\0\0\0\0\0\0\0\0\0\0\0\0\0\0\0\0\0\0\0\0\0\0\0\0W\0i\0n\0g\0d\0i\0n\0g\0s\0\0\0A\0\0\0$\0B\0\0\0\0\0\0\0\0\0\0\0\0\0\0C\0a\0m\0b\0r\0i\0a\0 \0M\0a\0t\0h\0\0\0\"\0\0q\0\0\0\0\0\0\01\'rF\0\0\0\0	\0~\0\0\0F\0\0F\0\0\0\0\0\0\0\0\0\0F\0\0F\0\0\0\0\0\0\0\0\0\0\0\0\0!\0\0\0\0\0\0\0\0\0\0\0\0\0\0\0\0\0\0\0\0\0\0\0\0\0\0\0\0\0\0\0\0\0\0\0\0\0\0\0\0\0\0\0\0\0\0\0\0\0\0\0\0\0\0\0\0\0\0\0\0\0\0\0\0\0\0\0\0\0\0\0\0\0\0\0\0\0\0\0\0\0\0\0\0\0\0\0\0\0\0\0\0\0\0\0\0\0\0\0\0\0\0\0\0\0\0\0\0\0\0\0\0\0\0\0\0\0\0\0\0\0\0\0\0\0\0\0\0\0\0\0\0\0\0\0\0\0\0\0\0\0\0\0\0\0\0\0\0\0\0\0\0\0\0\0\0\0\0\0\0\0\0\0\0\0\0\0\0\0\0\0\0\0\0\0\0\0\0\0\0\0\0\0\0\0\0\0\0\0\0\0\0\0\0\0\0\0\0\0\0\0\0\0\0\0\0\0\0\0\0\0\0\0\0\0\0\0\0\0\0\0\0\0\0\0\0\0\0\0\0\0\0\0\0\0\0\0\0\0\0\0\0\0\0\0\0\0\0\0\0\0\0\0\0\0\0\0\0\0\0\0\0\0\0\0\0\0\0\0\0\0\0\0\0\0\0\0\0\0\0\0\0\0\0\0\0\0\0\0\0\0\0\0\0\0\0\0\0\0\0\0\0\0\0\0\0\0\0\0\0\0\0\0\0\0r0\0\0\0\0\0\0\0\0\0\0\0\0\0\0\0\0\0\0\0\0\0\0\0\0\0\0\0\0\0\0\0\0\0\0\0\0\0\0\0\0\0\0\0\0\0\0\0\0\0\0\0\0\0\0\0\0\0\0\0\0\0\0\0\0\0\0\0\0\0\0\0\0\0\0\0\0\0\0\0\0\0\0\0\0\0\0\0KQ\0\0\0\0\0\0\0\0\0\0\0\0\0\0\0\0\0\0\0\0\0\0\0\0\0\0\0HP\0\0\0\0	\0	$P\0\0\0\0!-\0\0\0\02\0\0\0\0\0\0\0\0\0\0\0\0\0\0\0\0\0\0\0\0\0!\0\0\0\0\0\0\0\0\0\0\0\0\0\0\0\0\0\0\0\0\0\0\0\0\0\0\0\0\0x\0\0\0x\0\0\0\0\0\0\0\0\0\0\0\0\0\0\0\0\0\0\0\0\0\0\0\0\0\0\0\0\0\0\0\0\0\0\0\0\0\0P\0r\0o\0j\0e\0c\0t\0 \0P\0r\0o\0p\0o\0s\0a\0l\0 \0T\0e\0m\0p\0l\0a\0t\0e\0\0\0\0P\0r\0o\0j\0e\0c\0t\0 \0P\0r\0o\0p\0o\0s\0a\0l\0 \0T\0e\0m\0p\0l\0a\0t\0e\0\0\0\r\0w\0w\0w\0.\0c\0a\0s\0u\0a\0l\0.\0p\0m\0\0A\0c\0e\0r\0\0\0\0\0\0\0\0\0\0\0\0\0\0\0\0\0\0\0\0\0$\0\0\0\0\0\0\0\0\0\0\0\0\0\0\0\0\0\0\0\0\0\0\0\0\0\0\0\0\0\0\0\0\0\0\0\0\0\0\0\0\0\0\0\0\0\0\0\0\0\0\0\0\0\0\0\0\0\0\0\0\0\0\0\0\0\0\0\0\0\0\0\0\0\0\0\0\0\0\0\0\0\0\0\0\0\0\0\0\0\0\0\0\0\0\0\0\0\0\0\0\0\0\0\0\0\0\0\0\0\0\0\0\0\0\0\0\0\0\0\0\0\0\0\0\0\0\0\0\0\0\0\0\0\0\0\0\0\0\0\0\0\0\0\0\0\0\0\0\0\0\0\0\0\0\0\0\0\0\0\0\0\0\0\0\0\0\0\0\0\0\0\0\0\0\0\0\0\0\0\0\0\0\0\0\0\0\0\0\0\0\0\0\0\0\0\0\0\0\0\0\0\0\0\0\0\0\0\0\0\0\0\0\0\0\0\0\0\0\0\0\0\0\0\0\0\0\0\0\0\0\0\0\0\0\0\0\0\0\0\0\0\0\0\0\0\0\0\0\0\0\0\0\0\0\0\0\0\0\0\0\0\0\0\0\0\0\0\0\0\0\0\0\0\0\0\0\0\0\0\0\0\0\0\0\0\0\0\0\0\0\0\0\0\0\0\0\0\0\0\0\0\0\0\0\0\0\0\0\0\0\0\0\0\0\0\0\0\0\0\0\0\0\0\0\0\0\0\0\0\0\0\0\0\0\0\0\0\0\0\0\0\0\0\0\0\0\0\0\0\0\0\0\0\0\0\0\0\0\0\0\0\0\0\0\0\0\0\0\0\0\0\0\0\0\0\0\0\0\0\0\0\0\0\0\0\0\0\0\0\0\0\0\0\0\0\0\0\0\0\0\0\0\0\0\0\0\0\0\0\0\0\0\0\0\0\0\0\0\0\0\0\0\0\0Oh\0+\'0\0\0\0\0\0\0\0\0\0\0\0\0\0\0\0\0\0\0\0\0\0\0\0\0\0\0\0\0\0\0\0\0\0\0\0\0\0\0\0\0\0\0\0\0\0\0\0\0\0	\0\0\0 \0\0\0\0\0,\0\0\n\0\0\0L\0\0\0\0\0X\0\0\r\0\0\0d\0\0\0\0\0p\0\0\0\0\0x\0\0\0\0\0\0\0\0\0\0\0\0\0\0\0\0\0\0\0\0\0\0\0Project Proposal Template\0\0\0\0\0\0\0\0\0\0\0\0\0\0\0\0\0\0\0www.casual.pm\0\0\0\0\0\0\0\0\0Project Proposal Template\0\0\0\0\0\0\0\0\0Normal.dotm\0\0\0\0\0\0\0Acer\0\0\0\0\0\0\0\0\0\09\0\0\0\0\0\0\0\0\0Microsoft Office Word\0\0\0@\0\0\0\0t\0\0\0@\0\0\0\0u;9@\0\0\0\0-i\0\0\0\0\0\0\0\0\0F\0\0\0\0\0F\0\0\0\0\0\0\0\0\0\0\0\0\0\0\0\0\0\0\0\0\0\0\0\0\0\0\0\0\0\0\0\0\0\0\0\0\0\0\0\0\0\0\0\0\0\0\0\0\0\0\0\0\0\0\0\0\0\0\0\0\0\0\0\0\0\0\0\0\0\0\0\0\0\0\0\0\0\0\0\0\0\0\0\0\0\0\0\0\0\0\0\0\0\0\0\0\0\0\0\0\0\0\0\0\0\0\0\0\0\0\0\0\0\0\0\0\0\0\0\0\0\0\0\0\0\0\0\0\0\0\0\0\0\0\0\0\0\0\0\0\0\0\0\0\0\0\0\0\0\0\0\0\0\0\0\0\0\0\0\0\0\0\0\0\0\0\0\0\0\0\0\0\0\0\0\0\0\0\0\0\0\0\0\0\0\0\0\0\0\0\0\0\0\0\0\0\0\0\0\0\0\0\0\0\0\0\0\0\0\0\0\0\0\0\0\0\0\0\0\0\0\0\0\0\0\0\0\0\0\0\0\0\0\0\0\0\0\0\0\0\0\0\0\0\0\0\0\0\0\0\0\0\0\0\0\0\0\0\0\0\0\0\0\0\0\0\0\0\0\0\0\0\0\0\0\0\0\0\0\0\0\0\0\0\0\0\0\0\0\0\0\0\0\0\0\0\0\0\0\0\0\0\0\0\0\0\0\0\0\0\0\0\0\0\0\0\0\0\0\0\0\0\0\0\0\0\0\0\0\0\0\0\0\0\0\0\0\0\0\0\0\0\0\0\0\0\0\0\0\0\0\0\0\0\0\0\0\0\0\0\0\0\0\0\0\0\0\0\0\0\0\0\0\0\0\0\0\0\0\0\0\0\0\0\0\0\0\0\0\0\0\0\0\0\0\0\0\0\0\0\0\0\0\0\0\0\0\0\0\0\0\0\0\0\0\0\0\0\0\0\0\0\0\0\0\0\0\0\0\0\0\0\0\0\0\0\0\0\0\0\0\0\0\0\0\0\0\0\0\0\0\0\0\0\0\0\0\0\0\0\0\0\0\0\0\0\0\0\0\0\0\0\0\0\0\0\0\0\0\0\0\0\0\0\0\0\0\0\0\0\0\0\0\0\0\0\0\0\0\0\0\0\0\0\0\0\0\0\0\0\0\0\0\0\0\0\0\0\0\0\0\0\0\0\0\0\0\0\0\0\0\0\0\0\0\0\0\0\0\0\0\0\0\0\0\0\0\0\0\0\0\0\0\0\0\0\0\0\0\0\0\0\0\0\0\0\0\0\0\0\0\0\0\0\0\0\0\0\0\0\0\0\0\0\0\0\0\0\0\0\0\0\0\0\0\0\0\0\0\0\0\0\0\0\0\0\0\0\0\0\0\0\0\0\0\0\0\0\0\0\0\0\0\0\0\0\0\0\0\0\0\0\0\0\0\0\0\0\0\0\0\0\0\0\0\0\0\0\0\0\0\0\0\0\0\0\0\0\0\0\0\0\0\0\0\0\0\0\0\0\0\0\0\0\0\0\0\0\0\0\0\0\0\0\0\0\0\0\0\0\0\0\0\0\0\0\0\0\0\0\0\0\0\0\0\0\0\0\0\0\0\0\0\0\0\0\0\0\0\0\0\0\0\0\0\0\0\0\0\0\0\0\0\0\0\0\0\0\0\0\0\0\0\0\0\0\0\0\0\0\0\0\0\0\0\0\0\0\0\0\0\0\0\0\0\0\0\0\0\0\0\0\0\0\0\0\0\0\0\0\0\0\0\0\0\0\0\0\0\0\0\0\0\0\0\0\0\0\0\0\0\0\0\0\0\0\0\0\0\0\0\0\0\0\0\0\0\0\0\0\0\0\0\0\0\0\0\0\0\0\0\0\0\0\0\0\0\0\0\0\0\0\0\0\0\0\0\0\0\0\0\0\0\0\0\0\0\0\0\0\0\0\0\0\0\0\0\0\0\0\0\0\0\0\0\0\0\0\0\0\0\0\0\0\0\0\0\0\0\0\0\0\0\0\0\0\0\0\0\0\0\0\0\0\0\0\0\0\0\0\0\0\0\0\0\0\0\0\0\0\0\0\0\0\0\0\0\0\0\0\0\0\0\0\0\0\0\0\0\0\0\0\0\0\0\0\0\0\0\0\0\0\0\0\0\0\0\0\0\0\0\0\0\0\0\0\0\0\0\0\0\0\0\0\0\0\0\0\0\0\0\0\0\0\0\0\0\0\0\0\0\0\0\0\0\0\0\0\0\0\0\0\0\0\0\0\0\0\0\0\0\0\0\0\0\0\0\0\0\0\0\0\0\0\0\0\0\0\0\0\0\0\0\0\0\0\0\0\0\0\0\0\0\0\0\0\0\0\0\0\0\0\0\0\0\0\0\0\0\0\0\0\0\0\0\0\0\0\0\0\0\0\0\0\0\0\0\0\0\0\0\0\0\0\0\0\0\0\0\0\0\0\0\0\0\0\0\0\0\0\0\0\0\0\0\0\0\0\0\0\0\0\0\0\0\0\0\0\0\0\0\0\0\0\0\0\0\0\0\0\0\0\0\0\0\0\0\0\0\0\0\0\0\0\0\0\0\0\0\0\0\0\0\0\0\0\0\0\0\0\0\0\0\0\0\0\0\0\0\0\0\0\0\0\0\0\0\0\0\0\0\0\0\0\0\0\0\0\0\0\0\0\0\0\0\0\0\0\0\0\0\0\0\0\0\0\0\0\0\0\0\0\0\0\0\0\0\0\0\0\0\0\0\0\0\0\0\0\0\0\0\0\0\0\0\0\0\0\0\0\0\0\0\0\0\0\0\0\0\0\0\0\0\0\0\0\0\0\0\0\0\0\0\0\0\0\0\0\0\0\0\0\0\0\0\0\0\0\0\0\0\0\0\0\0\0\0\0\0\0\0\0\0\0\0\0\0\0\0\0\0\0\0\0\0\0\0\0\0\0\0\0\0\0\0\0\0\0\0\0\0\0\0\0\0\0\0\0\0\0\0\0\0\0\0\0\0\0\0\0\0\0\0\0\0\0\0\0\0\0\0\0\0\0\0\0\0\0\0\0\0\0\0\0\0\0\0\0\0\0\0\0\0\0\0\0\0\0\0\0\0\0\0\0\0\0\0\0\0\0\0\0\0\0\0\0\0\0\0\0\0\0\0\0\0\0\0\0\0\0\0\0\0\0\0\0\0\0\0\0\0\0\0\0\0\0\0\0\0\0\0\0\0\0\0\0\0\0\0\0\0\0\0\0\0\0\0\0\0\0\0\0\0\0\0\0\0\0\0\0\0\0\0\0\0\0\0\0\0\0\0\0\0\0\0\0\0\0\0\0\0\0\0\0\0\0\0\0\0\0\0\0\0\0\0\0\0\0\0\0\0\0\0\0\0\0\0\0\0\0\0\0\0\0\0\0\0\0\0\0\0\0\0\0\0\0\0\0\0\0\0\0\0\0\0\0\0\0\0\0\0\0\0\0\0\0\0\0\0\0\0\0\0\0\0\0\0\0\0\0\0\0\0\0\0\0\0\0\0\0\0\0\0\0\0\0\0\0\0\0\0\0\0\0\0\0\0\0\0\0\0\0\0\0\0\0\0\0\0\0\0\0\0\0\0\0\0\0\0\0\0\0\0\0\0\0\0\0\0\0\0\0\0\0\0\0\0\0\0\0\0\0\0\0\0\0\0\0\0\0\0\0\0\0\0\0\0\0\0\0\0\0\0\0\0\0\0\0\0\0\0\0\0\0\0\0\0\0\0\0\0\0\0\0\0\0\0\0\0\0\0\0\0\0\0\0\0\0\0\0\0\0\0\0\0\0\0\0\0\0\0\0\0\0\0\0\0\0\0\0\0\0\0\0\0\0\0\0\0\0\0\0\0\0\0\0\0\0\0\0\0\0\0\0\0\0\0\0\0\0\0\0\0\0\0\0\0\0\0\0\0\0\0\0\0\0\0\0\0\0\0\0\0\0\0\0\0\0\0\0\0\0\0\0\0\0\0\0\0\0\0\0\0\0\0\0\0\0\0\0\0\0\0\0\0\0\0\0\0\0\0\0\0\0\0\0\0\0\0\0\0\0\0\0\0\0\0\0\0\0\0\0\0\0\0\0\0\0\0\0\0\0\0\0\0\0\0\0\0\0\0\0\0\0\0\0\0\0\0\0\0\0\0\0\0\0\0\0\0\0\0\0\0\0\0\0\0\0\0\0\0\0\0\0\0\0\0\0\0\0\0\0\0\0\0\0\0\0\0\0\0\0\0\0\0\0\0\0\0\0\0\0\0\0\0\0\0\0\0\0\0\0\0\0\0\0\0\0\0\0\0\0\0\0\0\0\0\0\0\0\0\0\0\0\0\0\0\0\0\0\0\0\0\0\0\0\0\0\0\0\0\0\0\0\0\0\0\0\0\0\0\0\0\0\0\0\0\0\0\0\0\0\0\0\0\0\0\0\0\0\0\0\0\0\0\0\0\0\0\0\0\0\0\0\0\0\0\0\0\0\0\0\0\0\0\0\0\0\0\0\0\0\0\0\0\0\0\0\0\0\0\0\0\0\0\0\0\0\0\0\0\0\0\0\0\0\0\0\0\0\0\0\0\0\0\0\0\0\0\0\0\0\0\0\0\0\0\0\0\0\0\0\0\0\0\0\0\0\0\0\0\0\0\0\0\0\0\0\0\0\0\0\0\0\0\0\0\0\0\0\0\0\0\0\0\0\0\0\0\0\0\0\0\0\0\0\0\0\0\0\0\0\0\0\0\0\0\0\0\0\0\0\0\0\0\0\0\0\0\0\0\0\0\0\0\0\0\0\0\0\0\0\0\0\0\0\0\0\0\0\0\0\0\0\0\0\0\0\0\0\0\0\0\0\0\0\0\0\0\0\0\0\0\0\0\0\0\0\0\0\0\0\0\0\0\0\0\0\0\0\0\0\0\0\0\0\0\0\0\0\0\0\0\0\0\0\0\0\0\0\0\0\0\0\0\0\0\0\0\0\0\0\0\0\0\0\0\0\0\0\0\0\0\0\0\0\0\0\0\0\0\0\0\0\0\0\0\0\0\0\0\0\0\0\0\0\0\0\0\0\0\0\0\0\0\0\0\0\0\0\0\0\0\0\0\0\0\0\0\0\0\0\0\0\0\0\0\0\0\0\0\0\0\0\0\0\0\0\0\0\0\0\0\0\0\0\0\0\0\0\0\0\0\0\0\0\0\0\0\0\0\0\0\0\0\0\0\0\0\0\0\0\0\0\0\0\0\0\0\0\0\0\0\0\0\0\0\0\0\0\0\0\0\0\0\0\0\0\0\0\0\0\0\0\0\0\0\0\0\0\0\0\0\0\0\0\0\0\0\0\0\0\0\0\0\0\0\0\0\0\0\0\0\0\0\0\0\0\0\0\0\0\0\0\0\0\0\0\0\0\0\0\0\0\0\0\0\0\0\0\0\0\0\0\0\0\0\0\0\0\0\0\0\0\0\0\0\0\0\0\0\0\0\0\0\0\0\0\0\0\0\0\0\0\0\0\0\0\0\0\0\0\0\0\0\0\0\0\0\0\0\0\0\0\0\0\0\0\0\0\0\0\0\0\0\0\0\0\0\0\0\0\0\0\0\0\0\0\0\0\0\0\0\0\0\0\0\0\0\0\0\0\0\0\0\0\0\0\0\0\0\0\0\0\0\0\0\0\0\0\0\0\0\0\0\0\0\0\0\0\0\0\0\0\0\0\0\0\0\0\0\0\0\0\0\0\0\0\0\0\0\0\0\0\0\0\0\0\0\0\0\0\0\0\0\0\0\0\0\0\0\0\0\0\0\0\0\0\0\0\0\0\0\0\0\0\0\0\0\0\0\0\0\0\0\0\0\0\0\0\0\0\0\0\0\0\0\0\0\0\0\0\0\0\0\0\0\0\0\0\0\0\0\0\0\0\0\0\0\0\0\0\0\0\0\0\0\0\0\0\0\0\0\0\0\0\0\0\0\0\0\0\0\0\0\0\0\0\0\0\0\0\0\0\0\0\0\0\0\0\0\0\0\0\0\0\0\0\0\0\0\0\0\0\0\0\0\0\0\0\0\0\0\0\0\0\0\0\0\0\0\0\0\0\0\0\0\0\0\0\0\0\0\0\0\0\0\0\0\0\0\0\0\0\0\0\0\0\0\0\0\0\0\0\0\0\0\0\0\0\0\0\0\0\0\0\0\0\0\0\0\0\0\0\0\0\0\0\0\0\0\0\0\0\0\0\0\0\0\0\0\0\0\0\0\0\0\0\0\0\0\0\0\0\0\0\0\0\0\0\0\0\0\0\0\0\0\0\0\0\0\0\0\0\0\0\0\0\0\0\0\0\0\0\0\0\0\0\0\0\0\0\0\0\0\0\0\0\0\0\0\0\0\0\0\0\0\0\0\0\0\0\0\0\0\0\0\0\0\0\0\0\0\0\0\0\0\0\0\0\0\0\0\0\0\0\0\0\0\0\0\0\0\0\0\0\0\0\0\0\0\0\0\0\0\0\0\0\0\0\0\0\0\0\0\0\0\0\0\0\0\0\0\0\0\0\0\0\0\0\0\0\0\0\0\0\0\0\0\0\0\0\0\0\0\0\0\0\0\0\0\0\0\0\0\0\0\0\0\0\0\0\0\0\0\0\0\0\0\0\0\0\0\0\0\0\0\0\0\0\0\0\0\0\0\0\0\0\0\0\0\0\0\0\0\0\0\0\0\0\0\0\0\0\0\0\0\0\0\0\0\0\0\0\0\0\0\0\0\0\0\0\0\0\0\0\0\0\0\0\0\0\0\0\0\0\0\0\0\0\0\0\0\0\0\0\0\0\0\0\0\0\0\0\0\0\0\0\0\0\0\0\0\0\0\0\0\0\0\0\0\0\0\0\0\0\0\0\0\0\0\0\0\0\0\0\0\0\0\0\0\0\0\0\0\0\0\0\0\0\0\0\0\0\0\0\0\0\0\0\0\0\0\0\0\0\0\0\0\0\0\0\0\0\0\0\0\0\0\0\0\0\0\0\0\0\0\0\0\0\0\0\0\0\0\0\0\0\0\0\0\0\0\0\0\0\0\0\0\0\0\0\0\0\0\0\0\0\0\0\0\0\0\0\0\0\0\0\0\0\0\0\0\0\0\0\0\0\0\0\0\0\0\0\0\0\0\0\0\0\0\0\0\0\0\0\0\0\0\0\0\0\0\0\0\0\0\0\0\0\0\0\0\0\0\0\0\0\0\0\0\0\0\0\0\0\0\0\0\0\0\0\0\0\0\0\0\0\0\0\0\0\0\0\0\0\0\0\0\0\0\0\0\0\0\0\0\0\0\0\0\0\0\0\0\0\0\0\0\0\0\0\0\0\0\0\0\0\0\0\0\0\0\0\0\0\0\0\0\0\0\0\0\0\0\0\0\0\0\0\0\0\0\0\0\0\0\0\0\0\0\0\0\0\0\0\0\0\0\0\0\0\0\0\0\0\0\0\0\0\0\0\0\0\0\0\0\0\0\0\0\0\0\0\0\0\0\0\0\0\0\0\0\0\0\0\0\0\0\0\0\0\0\0\0\0\0\0\0\0\0\0\0\0\0\0\0\0\0\0\0\0\0\0\0\0\0\0\0\0\0\0\0\0\0\0\0\0\0\0\0\0\0\0\0\0\0\0\0\0\0\0\0\0\0\0\0\0\0\0\0\0\0\0\0\0\0\0\0\0\0\0\0\0\0\0\0\0\0\0\0\0\0\0\0\0\0\0\0\0\0\0\0\0\0\0\0\0\0\0\0\0\0\0\0\0\0\0\0\0\0\0\0\0\0\0\0\0\0\0\0\0\0\0\0\0\0\0\0\0\0\0\0\0\0\0\0\0\0\0\0\0\0\0\0\0\0\0\0\0\0\0\0\0\0\0\0\0\0\0\0\0\0\0\0\0\0\0\0\0\0\0\0\0\0\0\0\0\0\0\0\0\0\0\0\0\0\0\0\0\0\0\0\0\0\0\0\0\0\0\0\0\0\0\0\0\0\0\0\0\0\0\0\0\0\0\0\0\0\0\0\0\0\0\0\0\0\0\0\0\0\0\0\0\0\0\0\0\0\0\0\0\0\0\0\0\0\0\0\0\0\0\0\0\0\0\0\0\0\0\0\0\0\0\0\0\0\0\0\0\0\0\0\0\0\0\0\0\0\0\0\0\0\0\0\0\0\0\0\0\0\0\0\0\0\0\0\0\0\0\0\0\0\0\0\0\0\0\0\0\0\0\0\0\0\0\0\0\0.\0+,0\0\0\0(\0\0\0\0\0\0\0\0h\0\0\0\0\0\0p\0\0\0\0\0\0|\0\0\0\0\0\0\0\0\0\0\0\0\0\0\0\0\0\0\0\0\0\0\0\0\0\0\0\0\0\0\0\0\0\0\0\0\0\0\0\0\0\0\0\0\0\r\0\0\0\0\0\0\0\0\0\0\0\0\0\0\0\0\0\0\0\0\0\0\0\0\0\0\0\0\0\0\0\0\0\0\0\0\0\0\0\0\0\0\0\0\0\0\0\0\0\0\0\0\0\0\0\0\0\0\0\0\0\0\0\0\0\0\0\0\0\0\0\0\0\0\0\0\0\0\0\0\0\0\0\Z\0\0\0Project Proposal Template\0\0\0\0\0\0\0\0\0\0\0\0\0\0\0\0Title\0\0\0\0\0\0\0\0\0\0\0\0\0\0\0\0\0\0\0\0\0\0\0\0\0\0\0\0\0\0\0\0\0\0\0\0\0\0\0\0\0\0\0\0\0\0\0\0\0\0\0\0\0\0\0\0\0\0\0\0\0\0\0\0\0\0\0\0\0\0\0\0\0\0\0\0\0\0\0\0\0\0\0\0\0\0\0\0\0\0\0\0\0\0\0\0\0\0\0\0\0\0\0\0\0\0\0\0\0\0\0\0\0\0\0\0\0\0\0\0\0\0\0\0\0\0\0\0\0\0\0\0\0\0\0\0\0\0\0\0\0\0\0\0\0\0\0\0\0\0\0\0\0\0\0\0\0\0\0\0\0\0\0\0\0\0\0\0\0\0\0\0\0\0\0\0\0\0\0\0\0\0\0\0\0\0\0\0\0\0\0\0\0\0\0\0\0\0\0\0\0\0\0\0\0\0\0\0\0\0\0\0\0\0\0\0\0\0\0\0\0\0\0\0\0\0\0\0\0\0\0\0\0\0\0\0\0\0\0\0\0\0\0\0\0\0\0\0\0\0\0\0\0\0\0\0\0\0\0\0\0\0\0\0\0\0\0\0\0\0\0\0\0\0\0\0\0\0\0\0\0\0\0\0\0\0\0\0\0\0\0\0\0\0\0\0\0\0\0\0\0\0\0\0\0\0\0\0\0\0\0\0\0\0\0\0\0\0\0\0\0\0\0\0\0\0\0\0\0\0\0\0\0\0\0\0\0\0\0\0\0\0\0\0\0\0\0\0\0\0\0\0\0\0\0\0\0\0\0\0\0\0\0\0\0\0\0\0\0\0\0\0\0\0\0\0\0\0\0\0\0\0\0\0\0\0\0\0\0\0\0\0\0\0\0\0\0\0\0\0\0\0\0\0\0\0\0\0\0\0\0\0\0\0\0\0\0\0\0\0\0\0\0\0\0\0\0\0\0\0\0\0\0\0\0\0\0\0\0\0\0\0\0\0\0\0\0\0\0\0\0\0\0\0\0\0\0\0\0\0\0\0\0\0\0\0\0\0\0\0\0\0\0\0\0\0\0\0\0\0\0\0\0\0\0\0\0\0\0\0\0\0\0\0\0\0\0\0\0\0\0\0\0\0\0\0\0\0\0\0\0\0\0\0\0\0\0\0\0\0\0\0\0\0\0\0\0\0\0\0\0\0\0\0\0\0\0\0\0\0\0\0\0\0\0\0\0\0\0\0\0\0\0\0\0\0\0\0\0\0\0\0\0\0\0\0\0\0\0\0\0\0\0\0\0\0\0\0\0\0\0\0\0\0\0\0\0\0\0\0\0\0\0\0\0\0\0\0\0\0\0\0\0\0\0\0\0\0\0\0\0\0\0\0\0\0\0\0\0\0\0\0\0\0\0\0\0\0\0\0\0\0\0\0\0\0\0\0\0\0\0\0\0\0\0\0\0\0\0\0\0\0\0\0\0\0\0\0\0\0\0\0\0\0\0\0\0\0\0\0\0\0\0\0\0\0\0\0\0\0\0\0\0\0\0\0\0\0\0\0\0\0\0\0\0\0\0\0\0\0\0\0\0\0\0\0\0\0\0\0\0\0\0\0\0\0\0\0\0\0\0\0\0\0\0\0\0\0\0\0\0\0\0\0\0\0\0\0\0\0\0\0\0\0\0\0\0\0\0\0\0\0\0\0\0\0\0\0\0\0\0\0\0\0\0\0\0\0\0\0\0\0\0\0\0\0\0\0\0\0\0\0\0\0\0\0\0\0\0\0\0\0\0\0\0\0\0\0\0\0\0\0\0\0\0\0\0\0\0\0\0\0\0\0\0\0\0\0\0\0\0\0\0\0\0\0\0\0\0\0\0\0\0\0\0\0\0\0\0\0\0\0\0\0\0\0\0\0\0\0\0\0\0\0\0\0\0\0\0\0\0\0\0\0\0\0\0\0\0\0\0\0\0\0\0\0\0\0\0\0\0\0\0\0\0\0\0\0\0\0\0\0\0\0\0\0\0\0\0\0\0\0\0\0\0\0\0\0\0\0\0\0\0\0\0\0\0\0\0\0\0\0\0\0\0\0\0\0\0\0\0\0\0\0\0\0\0\0\0\0\0\0\0\0\0\0\0\0\0\0\0\0\0\0\0\0\0\0\0\0\0\0\0\0\0\0\0\0\0\0\0\0\0\0\0\0\0\0\0\0\0\0\0\0\0\0\0\0\0\0\0\0\0\0\0\0\0\0\0\0\0\0\0\0\0\0\0\0\0\0\0\0\0\0\0\0\0\0\0\0\0\0\0\0\0\0\0\0\0\0\0\0\0\0\0\0\0\0\0\0\0\0\0\0\0\0\0\0\0\0\0\0\0\0\0\0\0\0\0\0\0\0\0\0\0\0\0\0\0\0\0\0\0\0\0\0\0\0\0\0\0\0\0\0\0\0\0\0\0\0\0\0\0\0\0\0\0\0\0\0\0\0\0\0\0\0\0\0\0\0\0\0\0\0\0\0\0\0\0\0\0\0\0\0\0\0\0\0\0\0\0\0\0\0\0\0\0\0\0\0\0\0\0\0\0\0\0\0\0\0\0\0\0\0\0\0\0\0\0\0\0\0\0\0\0\0\0\0\0\0\0\0\0\0\0\0\0\0\0\0\0\0\0\0\0\0\0\0\0\0\0\0\0\0\0\0\0\0\0\0\0\0\0\0\0\0\0\0\0\0\0\0\0\0\0\0\0\0\0\0\0\0\0\0\0\0\0\0\0\0\0\0\0\0\0\0\0\0\0\0\0\0\0\0\0\0\0\0\0\0\0\0\0\0\0\0\0\0\0\0\0\0\0\0\0\0\0\0\0\0\0\0\0\0\0\0\0\0\0\0\0\0\0\0\0\0\0\0\0\0\0\0\0\0\0\0\0\0\0\0\0\0\0\0\0\0\0\0\0\0\0\0\0\0\0\0\0\0\0\0\0\0\0\0\0\0\0\0\0\0\0\0\0\0\0\0\0\0\0\0\0\0\0\0\0\0\0\0\0\0\0\0\0\0\0\0\0\0\0\0\0\0\0\0\0\0\0\0\0\0\0\0\0\0\0\0\0\0\0\0\0\0\0\0\0\0\0\0\0\0\0\0\0\0\0\0\0\0\0\0\0\0\0\0\0\0\0\0\0\0\0\0\0\0\0\0\0\0\0\0\0\0\0\0\0\0\0\0\0\0\0\0\0\0\0\0\0\0\0\0\0\0\0\0\0\0\0\0\0\0\0\0\0\0\0\0\0\0\0\0\0\0\0\0\0\0\0\0\0\0\0\0\0\0\0\0\0\0\0\0\0\0\0\0\0\0\0\0\0\0\0\0\0\0\0\0\0\0\0\0\0\0\0\0\0\0\0\0\0\0\0\0\0\0\0\0\0\0\0\0\0\0\0\0\0\0\0\0\0\0\0\0\0\0\0\0\0\0\0\0\0\0\0\0\0\0\0\0\0\0\0\0\0\0\0\0\0\0\0\0\0\0\0\0\0\0\0\0\0\0\0\0\0\0\0\0\0\0\0\0\0\0\0\0\0\0\0\0\0\0\0\0\0\0\0\0\0\0\0\0\0\0\0\0\0\0\0\0\0\0\0\0\0\0\0\0\0\0\0\0\0\0\0\0\0\0\0\0\0\0\0\0\0\0\0\0\0\0\0\0\0\0\0\0\0\0\0\0\0\0\0\0\0\0\0\0\0\0\0\0\0\0\0\0\0\0\0\0\0\0\0\0\0\0\0\0\0\0\0\0\0\0\0\0\0\0\0\0\0\0\0\0\0\0\0\0\0\0\0\0\0\0\0\0\0\0\0\0\0\0\0\0\0\0\0\0\0\0\0\0\0\0\0\0\0\0\0\0\0\0\0\0\0\0\0\0\0\0\0\0\0\0\0\0\0\0\0\0\0\0\0\0\0\0\0\0\0\0\0\0\0\0\0\0\0\0\0\0\0\0\0\0\0\0\0\0\0\0\0\0\0\0\0\0\0\0\0\0\0\0\0\0\0\0\0\0\0\0\0\0\0\0\0\0\0\0\0\0\0\0\0\0\0\0\0\0\0\0\0\0\0\0\0\0\0\0\0\0\0\0\0\0\0\0\0\0\0\0\0\0\0\0\0\0\0\0\0\0\0\0\0\0\0\0\0\0\0\0\0\0\0\0\0\0\0\0\0\0\0\0\0\0\0\0\0\0\0\0\0\0\0\0\0\0\0\0\0\0\0\0\0\0\0\0\0\0\0\0\0\0\0\0\0\0\0\0\0\0\0\0\0\0\0\0\0\0\0\0\0\0\0\0\0\0\0\0\0\0\0\0\0\0\0\0\0\0\0\0\0\0\0\0\0\0\0\0\0\0\0\0\0\0\0\0\0\0\0\0\0\0\0\0\0\0\0\0\0\0\0\0\0\0\0\0\0\0\0\0\0\0\0\0\0\0\0\0\0\0\0\0\0\0\0\0\0\0\0\0\0\0\0\0\0\0\0\0\0\0\0\0\0\0\0\0\0\0\0\0\0\0\0\0\0\0\0\0\0\0\0\0\0\0\0\0\0\0\0\0\0\0\0\0\0\0\0\0\0\0\0\0\0\0\0\0\0\0\0\0\0\0\0\0\0\0\0\0\0\0\0\0\0\0\0\0\0\0\0\0\0\0\0\0\0\0\0\0\0\0\0\0\0\0\0\0\0\0\0\0\0\0\0\0\0\0\0\0\0\0\0\0\0\0\0\0\0\0\0\0\0\0\0\0\0\0\0\0\0\0\0\0\0\0\0\0\0\0\0\0\0\0\0\0\0\0\0\0\0\0\0\0\0\0\0\0\0\0\0\0\0\0\0\0\0\0\0\0\0\0\0\0\0\0\0\0\0\0\0\0\0\0\0\0\0\0\0\0\0\0\0\0\0\0\0\0\0\0\0\0\0\0\0\0\0\0\0\0\0\0\0\0\0\0\0\0\0\0\0\0\0\0\0\0\0\0\0\0\0\0\0\0\0\0\0\0\0\0\0\0\0\0\0\0\0\0\0\0\0\0\0\0\0\0\0\0\0\0\0\0\0\0\0\0\0\0\0\0\0\0\0\0\0\0\0\0\0\0\0\0\0\0\0\0\0\0\0\0\0\0\0\0\0\0\0\0\0\0\0\0\0\0\0\0\0\0\0\0\0\0\0\0\0\0\0\0\0\0\0\0\0\0\0\0\0\0\0\0\0\0\0\0\0\0\0\0\0\0\0\0\0\0\0\0\0\0\0\0\0\0\0\0\0\0\0\0\0\0\0\0\0\0\0\0\0\0\0\0\0\0\0\0\0\0\0\0\0\0\0\0\0\0\0\0\0\0\0\0\0\0\0\0\0\0\0\0\0\0\0\0\0\0\0\0\0\0\0\0\0\0\0\0\0\0\0\0\0\0\0\0\0\0\0\0\0\0\0\0\0\0\0\0\0\0\0\0\0\0\0\0\0\0\0\0\0\0\0\0\0\0\0\0\0\0\0\0\0\0\0\0\0\0\0\0\0\0\0\0\0\0\0\0\0\0\0\0\0\0\0\0\0\0\0\0\0\0\0\0\0\0\0\0\0\0\0\0\0\0\0\0\0\0\0\0\0\0\0\0\0\0\0\0\0\0\0\0\0\0\0\0\0\0\0\0\0\0\0\0\0\0\0\0\0\0\0\0\0\0\0\0\0\0\0\0\0\0\0\0\0\0\0\0\0\0\0\0\0\0\0\0\0\0\0\0\0\0\0\0\0\0\0\0\0\0\0\0\0\0\0\0\0\0\0\0\0\0\0\0\0\0\0\0\0\0\0\0\0\0\0\0\0\0\0\0\0\0\0\0\0\0\0\0\0\0\0\0\0\0\0\0\0\0\0\0\0\0\0\0\0\0\0\0\0\0\0\0\0\0\0\0\0\0\0\0\0\0\0\0\0\0\0\0\0\0\0\0\0\0\0\0\0\0\0\0\0\0\0\0\0\0\0\0\0\0\0\0\0\0\0\0\0\0\0\0\0\0\0\0\0\0\0\0\0\0\0\0\0\0\0\0\0\0\0\0\0\0\0\0\0\0\0\0\0\0\0\0\0\0\0\0\0\0\0\0\0\0\0\0\0\0\0\0\0\0\0\0\0\0\0\0\0\0\0\0\0\0\0\0\0\0\0\0\0\0\0\0\0\0\0\0\0\0\0\0\0\0\0\0\0\0\0\0\0\0\0\0\0\0\0\0\0\0\0\0\0\0\0\0\0\0\0\0\0\0\0\0\0\0\0\0\0\0\0\0\0\0\0\0\0\0\0\0\0\0\0\0\0\0\0\0\0\0\0\0\0\0\0\0\0\0\0\0\0\0\0\0\0\0\0\0\0\0\0\0\0\0\0\0\0\0\0\0\0\0\0\0\0\0\0\0\0\0\0\0\0\0\0\0\0\0\0\0\0\0\0\0\0\0\0\0\0\0\0\0\0\0\0\0\0\0\0\0\0\0\0\0\0\0\0\0\0\0\0\0\0\0\0\0\0\0\0\0\0\0\0\0\0\0\0\0\0\0\0\0\0\0\0\0\0\0\0\0\0\0\0\0\0\0\0\0\0\0\0\0\0\0\0\0\0\0\0\0\0\0\0\0\0\0\0\0\0\0\0\0\0\0\0\0\0\0\0\0\0\0\0\0\0\0\0\0\0\0\0\0\0\0\0\0\0\0\0\0\0\0\0\0\0\0\0\0\0\0\0\0\0\0\0\0\0\0\0\0\0\0\0\0\0\0\0\0\0\0\0\0\0\0\0\0\0\0\0\0\0\0\0\0\0\0\0\0\0\0\0\0\0\0\0\0\0\0\0\0\0\0\0\0\0\0\0\0\0\0\0\0\0\0\0\0\0\0\0\0\0\0\0\0\0\0\0\0\0\0\0\0\0\0\0\0\0\0\0\0\0\0\0\0\0\0\0\0\0\0\0\0\0\0\0\0\0\0\0\0\0\0\0\0\0\0\0\0\0\0\0\0\0\0\0\0\0\0\0\0\0\0\0\0\0\0\0\0\0\0\0\0\0\0\0\0\0\0\0\0\0\0\0\0\0\0\0\0\0\0\0\0\0\0\0\0\0\0\0\0\0\0\0\0\0\0\0\0\0\0\0\0\0\0\0\0\0\0\0\0\0\0\0\0\0\0\0\0\0\0\0\0\0\0\0\0\0\0\0\0\0\0\0\0\0\0\0\0\0\0\0\0\0\0\0\0\0\0\0\0\0\0\0\0\0\0\0\0\0\0\0\0\0\0\0\0\0\0\0\0\0\0\0\0\0\0\0\0\0\0\0\0\0\0\0\0\0\0\0\0\0\0\0\0\0\0\0\0\0\0\0\0\0\0\0\0\0\0\0\0\0\0\0\0\0\0\0\0\0\0\0\0\0\0\0\0\0\0\0\0\0\0\0\0\0\0\0\0\0\0\0\0\0\0\0\0\0\0\0\0\0\0\0\0\0\0\0\0\0\0\0\0\0\0\0\0\0\0\0\0\0\0\0\0\0\0\0\0\0\0\0\0\0\0\0\0\0\0\0\0\0\0\0\0\0\0\0\0\0\0\0\0\0\0\0\0\0\0\0\0\0\0\0\0\0\0\0\0\0\0\0\0\0\0\0\0\0\0\0\0\0\0\0\0\0\0\0\0\0\0\0\0\0\0\0\0\0\0\0\0\0\0\0\0\0\0\0\0\0\0\0\0\0\0\0\0\0\0\0\0\0\0\0\0\0\0\0\0\0\0\0\0\0\0\0\0\0\0\0\0\0\0\0\0\0\0\0\0\0\0\0\0\0\0\0\0\0\0\0\0\0\0\0\0\0\0\0\0\0\0\0\0\0\0\0\0\0\0\0\0\0\0\0\0\0\0\0\0\0\0\0\0\0\0\0\0\0\0\0\0\0\0\0\0\0\0\0\0\0\0\0\0\0\0\0\0\0\0\0\0\0\0\0\0\0\0\0\0\0\0\0\0\0\0\0\0\0\0\0\0\0\0\0\0\0\0\0\0\0\0\0\0\0\0\0\0\0\0\0\0\0\0\0\0\0\0\0\0\0\0\0\0\0\0\0\0\0\0\0\0\0\0\0\0\0\0\0\0\0\0\0\0\0\0\0\0\0\0\0\0\0\0\0\0\0\0\0\0\0\0\0\0\0\0\0\0\0\0\0\0\0\0\0\0\0\0\0\0\0\0\0\0\0\0\0\0\0\0\0\0\0\0\0\0\0\0\0\0\0\0\0\0\0\0\0\0\0\0\0\0\0\0\0\0\0\0\0\0\0\0\0\0\0\0\0\0\0\0\0\0\0\0\0\0\0\0\0\0\0\0\0\0\0\0\0\0\0\0\0\0\0\0\0\0\0\0\0\0\0\0\0\0\0\0\0\0\0\0\0\0\0\0\0\0\0\0\0\0\0\0\0\0\0\0\0\0\0\0\0\0\0\0\0\0\0\0\0\0\0\0\0\0\0\0\0\0\0\0\0\0\0\0\0\0\0\0\0\0	\0\0\0\n\0\0\0\0\0\0\0\0\0\r\0\0\0\0\0\0\0\0\0\0\0\0\0\0\0\0\0\0\0\0\0\0\0\0\0\0\0\0\0\0\0\0\0\0\0\0\Z\0\0\0\0\0\0\0\0\0\0\0\0\0\0\0\0\0\0 \0\0\0!\0\0\0\"\0\0\0#\0\0\0$\0\0\0%\0\0\0&\0\0\0(\0\0\0)\0\0\0*\0\0\0+\0\0\0,\0\0\0-\0\0\0.\0\0\00\0\0\01\0\0\02\0\0\03\0\0\04\0\0\05\0\0\06\0\0\09\0\0\0R\0o\0o\0t\0 \0E\0n\0t\0r\0y\0\0\0\0\0\0\0\0\0\0\0\0\0\0\0\0\0\0\0\0\0\0\0\0\0\0\0\0\0\0\0\0\0\0\0\0\0\0\0\0\0\0\0\0\0\0\0\0\0	\0\0\0\0\0\0\0\0\0\0\0F\0\0\0\0\0\0\0\0\0\0\0\0zi;\0\0\0\0\0\0\0\0\0\01\0T\0a\0b\0l\0e\0\0\0\0\0\0\0\0\0\0\0\0\0\0\0\0\0\0\0\0\0\0\0\0\0\0\0\0\0\0\0\0\0\0\0\0\0\0\0\0\0\0\0\0\0\0\0\0\0\0\0\0\0\0\0\0\0\0\0\0\0\0\0\0\0\0\0\0\0\0\0\0\0\0\0\0\0\0\0\0\0\0\0\0\0\0\0\0\0\0\0\0\0\0\0\0.\0\0\0\0\0\0W\0o\0r\0d\0D\0o\0c\0u\0m\0e\0n\0t\0\0\0\0\0\0\0\0\0\0\0\0\0\0\0\0\0\0\0\0\0\0\0\0\0\0\0\0\0\0\0\0\0\0\0\0\0\0\0\0\0\Z\0\0\0\0\0\0\0\0\0\0\0\0\0\0\0\0\0\0\0\0\0\0\0\0\0\0\0\0\0\0\0\0\0\0\0\0\0\0\0\0\0\0\0\04\0\0\0\0\0\0\0S\0u\0m\0m\0a\0r\0y\0I\0n\0f\0o\0r\0m\0a\0t\0i\0o\0n\0\0\0\0\0\0\0\0\0\0\0\0\0\0\0\0\0\0\0\0\0\0\0\0\0\0\0(\0\0\0\0\0\0\0\0\0\0\0\0\0\0\0\0\0\0\0\0\0\0\0\0\0\0\0\0\0\0\0\0\0\0\0\0\0\0\0\0\0\0\0\'\0\0\0\0\0\0\0\0\0\0\0D\0o\0c\0u\0m\0e\0n\0t\0S\0u\0m\0m\0a\0r\0y\0I\0n\0f\0o\0r\0m\0a\0t\0i\0o\0n\0\0\0\0\0\0\0\0\0\0\08\0\0\0\0\0\0\0\0\0\0\0\0\0\0\0\0\0\0\0\0\0\0\0\0\0\0\0\0\0\0\0\0\0\0\0\0\0/\0\0\0\0\0\0\0\0\0\0\0C\0o\0m\0p\0O\0b\0j\0\0\0\0\0\0\0\0\0\0\0\0\0\0\0\0\0\0\0\0\0\0\0\0\0\0\0\0\0\0\0\0\0\0\0\0\0\0\0\0\0\0\0\0\0\0\0\0\0\0\0\0\0\0\0\0\0\0\0\0\0\0\0\0\0\0\0\0\0\0\0\0\0\0\0\0\0\0\0\0\0\0\0\0\0\0\0\0\0\0\0r\0\0\0\0\0\0\0\0\0\0\0\0\0\0\0\0\0\0\0\0\0\0\0\0\0\0\0\0\0\0\0\0\0\0\0\0\0\0\0\0\0\0\0\0\0\0\0\0\0\0\0\0\0\0\0\0\0\0\0\0\0\0\0\0\0\0\0\0\0\0\0\0\0\0\0\0\0\0\0\0\0\0\0\0\0\0\0\0\0\0\0\0\0\0\0\0\0\0\0\0\0\0\0\0\0\0\0\0\0\0\0\0\0\0\0\0\0\0\0\0\0\0\0\0\0\0\0\0\0\0\0\0\0\0\0\0\0\0\0\0\0\0\0\0\0\0\0\0\0\0\0\0\0\0\0\0\0\0\0\0\0\0\0\0\0\0\0\0\0\0\0\0\0\0\0\0\0\0\0\0\0\0\0\0\0\0\0\0\0\0\0\0\0\0\0\0\0\0\0\0\0\0\0\0\0\0\0\0\0\0\0\0\0\0\0\0\0\0\0\0\0\0\0\0\0\0\0\0\0\0\0\0\0\0\0\0\0\0\0\0\0\0\0\n\0\0	\0\0\0\0\0\0\0\0\0\0\0F \0\0\0Microsoft Word 97-2003 Document\0\n\0\0\0MSWordDoc\0\0\0\0Word.Document.8\09q\0\0\0\0\0\0\0\0\0\0\0\0\0\0\0\0\0\0\0\0\0\0\0\0\0\0\0\0\0\0\0\0\0\0\0\0\0\0\0\0\0\0\0\0\0\0\0\0\0\0\0\0\0\0\0\0\0\0\0\0\0\0\0\0\0\0\0\0\0\0\0\0\0\0\0\0\0\0\0\0\0\0\0\0\0\0\0\0\0\0\0\0\0\0\0\0\0\0\0\0\0\0\0\0\0\0\0\0\0\0\0\0\0\0\0\0\0\0\0\0\0\0\0\0\0\0\0\0\0\0\0\0\0\0\0\0\0\0\0\0\0\0\0\0\0\0\0\0\0\0\0\0\0\0\0\0\0\0\0\0\0\0\0\0\0\0\0\0\0\0\0\0\0\0\0\0\0\0\0\0\0\0\0\0\0\0\0\0\0\0\0\0\0\0\0\0\0\0\0\0\0\0\0\0\0\0\0\0\0\0\0\0\0\0\0\0\0\0\0\0\0\0\0\0\0\0\0\0\0\0\0\0\0\0\0\0\0\0\0\0\0\0\0\0\0\0\0\0\0\0\0\0\0\0\0\0\0\0\0\0\0\0\0\0\0\0\0\0\0\0\0\0\0\0\0\0\0\0\0\0\0\0\0\0\0\0\0\0\0\0\0\0\0\0\0\0\0\0\0\0\0\0\0\0\0\0\0\0\0\0\0\0\0\0\0\0\0\0\0\0\0\0\0\0\0\0\0\0\0\0\0\0\0\0\0\0\0\0\0\0\0\0\0\0\0\0\0\0\0\0\0\0\0\0\0\0\0\0\0\0\0\0\0\0\0\0\0\0\0\0\0\0\0\0\0\0\0\0\0\0\0\0\0\0\0\0\0\0\0\0\0\0\0\0\0\0\0\0\0\0\0\0\0\0\0\0\0\0\0\0','2016-07-13 06:43:41');
/*!40000 ALTER TABLE `upload` ENABLE KEYS */;
UNLOCK TABLES;
/*!40103 SET TIME_ZONE=@OLD_TIME_ZONE */;

/*!40101 SET SQL_MODE=@OLD_SQL_MODE */;
/*!40014 SET FOREIGN_KEY_CHECKS=@OLD_FOREIGN_KEY_CHECKS */;
/*!40014 SET UNIQUE_CHECKS=@OLD_UNIQUE_CHECKS */;
/*!40101 SET CHARACTER_SET_CLIENT=@OLD_CHARACTER_SET_CLIENT */;
/*!40101 SET CHARACTER_SET_RESULTS=@OLD_CHARACTER_SET_RESULTS */;
/*!40101 SET COLLATION_CONNECTION=@OLD_COLLATION_CONNECTION */;
/*!40111 SET SQL_NOTES=@OLD_SQL_NOTES */;

-- Dump completed on 2016-07-18 21:30:10
